#
# There is insufficient memory for the Java Runtime Environment to continue.
# Native memory allocation (mmap) failed to map 532676608 bytes for G1 virtual space
# Possible reasons:
#   The system is out of physical RAM or swap space
#   The process is running with CompressedOops enabled, and the Java Heap may be blocking the growth of the native heap
# Possible solutions:
#   Reduce memory load on the system
#   Increase physical memory or swap space
#   Check if swap backing store is full
#   Decrease Java heap size (-Xmx/-Xms)
#   Decrease number of Java threads
#   Decrease Java thread stack sizes (-Xss)
#   Set larger code cache with -XX:ReservedCodeCacheSize=
#   JVM is running with Zero Based Compressed Oops mode in which the Java heap is
#     placed in the first 32GB address space. The Java Heap base address is the
#     maximum limit for the native heap growth. Please use -XX:HeapBaseMinAddress
#     to set the Java Heap base and to place the Java Heap above 32GB virtual address.
# This output file may be truncated or incomplete.
#
#  Out of Memory Error (os_windows.cpp:3548), pid=459728, tid=458692
#
# JRE version: Java(TM) SE Runtime Environment (17.0.10+11) (build 17.0.10+11-LTS-240)
# Java VM: Java HotSpot(TM) 64-Bit Server VM (17.0.10+11-LTS-240, mixed mode, sharing, tiered, compressed oops, compressed class ptrs, g1 gc, windows-amd64)
# No core dump will be written. Minidumps are not enabled by default on client versions of Windows
#

---------------  S U M M A R Y ------------

Command Line: --add-opens=java.base/java.util=ALL-UNNAMED --add-opens=java.base/java.lang=ALL-UNNAMED --add-opens=java.base/java.lang.invoke=ALL-UNNAMED --add-opens=java.prefs/java.util.prefs=ALL-UNNAMED --add-opens=java.base/java.nio.charset=ALL-UNNAMED --add-opens=java.base/java.net=ALL-UNNAMED --add-opens=java.base/java.util.concurrent.atomic=ALL-UNNAMED -Xmx4g -Dfile.encoding=windows-1252 -Duser.country=IN -Duser.language=en -Duser.variant -javaagent:C:\Users\homee\.gradle\wrapper\dists\gradle-8.3-all\6en3ugtfdg5xnpx44z4qbwgas\gradle-8.3\lib\agents\gradle-instrumentation-agent-8.3.jar org.gradle.launcher.daemon.bootstrap.GradleDaemon 8.3

Host: 11th Gen Intel(R) Core(TM) i5-1155G7 @ 2.50GHz, 8 cores, 15G,  Windows 11 , 64 bit Build 22621 (10.0.22621.3085)
Time: Tue Mar 12 15:54:02 2024 India Standard Time elapsed time: 1890.795004 seconds (0d 0h 31m 30s)

---------------  T H R E A D  ---------------

Current thread (0x000001303e4256c0):  VMThread "VM Thread" [stack: 0x0000001525800000,0x0000001525900000] [id=458692]

Stack: [0x0000001525800000,0x0000001525900000]
Native frames: (J=compiled Java code, j=interpreted, Vv=VM code, C=native code)
V  [jvm.dll+0x677a5a]
V  [jvm.dll+0x7d8b2d]
V  [jvm.dll+0x7da48e]
V  [jvm.dll+0x7daaf3]
V  [jvm.dll+0x2455ff]
V  [jvm.dll+0x6749b9]
V  [jvm.dll+0x669382]
V  [jvm.dll+0x302e96]
V  [jvm.dll+0x30a416]
V  [jvm.dll+0x359cbe]
V  [jvm.dll+0x359eef]
V  [jvm.dll+0x2d9e88]
V  [jvm.dll+0x2d8295]
V  [jvm.dll+0x2d789c]
V  [jvm.dll+0x31b18b]
V  [jvm.dll+0x7df30b]
V  [jvm.dll+0x7e0044]
V  [jvm.dll+0x7e055d]
V  [jvm.dll+0x7e0934]
V  [jvm.dll+0x7e0a00]
V  [jvm.dll+0x78888a]
V  [jvm.dll+0x676935]
C  [ucrtbase.dll+0x29363]
C  [KERNEL32.DLL+0x1257d]
C  [ntdll.dll+0x5aa58]

VM_Operation (0x000000152a3faa40): G1CollectForAllocation, mode: safepoint, requested by thread 0x000001308452df40


---------------  P R O C E S S  ---------------

Threads class SMR info:
_java_thread_list=0x0000013088ad8070, length=143, elements={
0x000001301b5e7df0, 0x000001303e42a4c0, 0x000001303e42bfa0, 0x000001303e441420,
0x000001303e441ef0, 0x000001303e4449d0, 0x000001303e4472b0, 0x000001303e447f60,
0x000001303e448d30, 0x000001303e449640, 0x000001303e418e50, 0x000001303e6ffbc0,
0x0000013085c9f020, 0x0000013084c21b30, 0x0000013084ffd0e0, 0x0000013085940c20,
0x0000013085942a80, 0x0000013085940710, 0x0000013085941b50, 0x0000013085941640,
0x00000130865c3b00, 0x00000130865c9110, 0x00000130865c77c0, 0x00000130865c9620,
0x00000130865c5450, 0x00000130865c6890, 0x00000130865c8c00, 0x00000130865c9b30,
0x00000130865c6da0, 0x00000130865ca040, 0x00000130865c4010, 0x0000013085a22ef0,
0x0000013092ff78b0, 0x0000013092ff2cc0, 0x0000013092ff5030, 0x0000013092ff9200,
0x0000013092ff5f60, 0x0000013092ff31d0, 0x0000013092ff7dc0, 0x0000013092ff6e90,
0x0000013092ffa130, 0x0000013092ff36e0, 0x0000013092ff73a0, 0x0000013092ff4100,
0x0000013092ff4610, 0x0000013084533a60, 0x0000013084533040, 0x000001308452ee70,
0x000001308452e960, 0x00000130845311e0, 0x0000013084532b30, 0x0000013084531c00,
0x000001308452e450, 0x0000013084534990, 0x0000013084533550, 0x000001308452fda0,
0x0000013084532110, 0x00000130845302b0, 0x00000130845307c0, 0x0000013084533f70,
0x000001308452f890, 0x0000013084530cd0, 0x00000130845316f0, 0x0000013084534480,
0x0000013084534ea0, 0x00000130845353b0, 0x000001308452df40, 0x000001308e75b550,
0x000001308e75c480, 0x000001308e75e7f0, 0x000001308e760140, 0x000001308e75ed00,
0x000001308e75f720, 0x000001308e760650, 0x000001308e75ab30, 0x000001308e760b60,
0x000001308e75d8c0, 0x000001308e761070, 0x000001308e75c990, 0x000001308e75d3b0,
0x000001308e75cea0, 0x000001308e761580, 0x000001308e761a90, 0x000001308e761fa0,
0x000001308e75ba60, 0x000001308e7624b0, 0x000001308e75bf70, 0x0000013085a23910,
0x0000013085a224d0, 0x0000013085a21ab0, 0x0000013085a23e20, 0x0000013085a24330,
0x0000013085a24840, 0x0000013085a25260, 0x0000013085a25770, 0x0000013085a25c80,
0x0000013085a29430, 0x0000013085a26190, 0x0000013085a266a0, 0x0000013085a26bb0,
0x0000013085a275d0, 0x0000013085a27ff0, 0x0000013085a28500, 0x0000013085a28a10,
0x0000013085a21fc0, 0x000001308775ac50, 0x000001308775ee20, 0x000001308775def0,
0x000001308775f330, 0x000001308775cab0, 0x000001308775f840, 0x0000013087759300,
0x000001308775a740, 0x0000013087760770, 0x0000013087759810, 0x000001308775b160,
0x000001308775bb80, 0x000001308775cfc0, 0x000001308775d4d0, 0x000001308775d9e0,
0x000001308f8f95e0, 0x000001308f8f9af0, 0x000001308f8fa000, 0x000001308f8f3ac0,
0x000001308f8f6340, 0x000001308f8f7270, 0x000001308f8f6850, 0x000001308f8f5920,
0x000001308f8f30a0, 0x000001308f8faa20, 0x000001308f8f3fd0, 0x000001308f8f44e0,
0x000001308f8f6d60, 0x000001308f8f7780, 0x00000130865c2bd0, 0x00000130865ca550,
0x00000130865c7cd0, 0x00000130865c6380, 0x00000130865c4520, 0x00000130865c81e0,
0x00000130865c35f0, 0x00000130865c4a30, 0x00000130859434a0
}

Java Threads: ( => current thread )
  0x000001301b5e7df0 JavaThread "main" [_thread_blocked, id=457968, stack(0x0000001525200000,0x0000001525300000)]
  0x000001303e42a4c0 JavaThread "Reference Handler" daemon [_thread_blocked, id=457304, stack(0x0000001525900000,0x0000001525a00000)]
  0x000001303e42bfa0 JavaThread "Finalizer" daemon [_thread_blocked, id=457956, stack(0x0000001525a00000,0x0000001525b00000)]
  0x000001303e441420 JavaThread "Signal Dispatcher" daemon [_thread_blocked, id=459000, stack(0x0000001525b00000,0x0000001525c00000)]
  0x000001303e441ef0 JavaThread "Attach Listener" daemon [_thread_blocked, id=455216, stack(0x0000001525c00000,0x0000001525d00000)]
  0x000001303e4449d0 JavaThread "Service Thread" daemon [_thread_blocked, id=454876, stack(0x0000001525d00000,0x0000001525e00000)]
  0x000001303e4472b0 JavaThread "Monitor Deflation Thread" daemon [_thread_blocked, id=458908, stack(0x0000001525e00000,0x0000001525f00000)]
  0x000001303e447f60 JavaThread "C2 CompilerThread0" daemon [_thread_in_native, id=454032, stack(0x0000001525f00000,0x0000001526000000)]
  0x000001303e448d30 JavaThread "C1 CompilerThread0" daemon [_thread_blocked, id=457276, stack(0x0000001526000000,0x0000001526100000)]
  0x000001303e449640 JavaThread "Sweeper thread" daemon [_thread_blocked, id=454688, stack(0x0000001526100000,0x0000001526200000)]
  0x000001303e418e50 JavaThread "Common-Cleaner" daemon [_thread_blocked, id=459696, stack(0x0000001526200000,0x0000001526300000)]
  0x000001303e6ffbc0 JavaThread "Notification Thread" daemon [_thread_blocked, id=458404, stack(0x0000001526300000,0x0000001526400000)]
  0x0000013085c9f020 JavaThread "Daemon health stats" [_thread_blocked, id=459336, stack(0x0000001526b00000,0x0000001526c00000)]
  0x0000013084c21b30 JavaThread "Incoming local TCP Connector on port 51319" [_thread_in_native, id=457032, stack(0x0000001526a00000,0x0000001526b00000)]
  0x0000013084ffd0e0 JavaThread "Daemon periodic checks" [_thread_blocked, id=458464, stack(0x0000001526c00000,0x0000001526d00000)]
  0x0000013085940c20 JavaThread "Cache worker for journal cache (C:\Users\homee\.gradle\caches\journal-1)" [_thread_blocked, id=458860, stack(0x0000001527400000,0x0000001527500000)]
  0x0000013085942a80 JavaThread "File lock request listener" [_thread_in_native, id=446504, stack(0x0000001527500000,0x0000001527600000)]
  0x0000013085940710 JavaThread "Cache worker for file hash cache (C:\Users\homee\.gradle\caches\8.3\fileHashes)" [_thread_blocked, id=447660, stack(0x0000001527600000,0x0000001527700000)]
  0x0000013085941b50 JavaThread "File watcher server" daemon [_thread_blocked, id=448920, stack(0x0000001527800000,0x0000001527900000)]
  0x0000013085941640 JavaThread "File watcher consumer" daemon [_thread_blocked, id=454712, stack(0x0000001527900000,0x0000001527a00000)]
  0x00000130865c3b00 JavaThread "jar transforms" [_thread_blocked, id=439288, stack(0x0000001527a00000,0x0000001527b00000)]
  0x00000130865c9110 JavaThread "jar transforms Thread 2" [_thread_blocked, id=457300, stack(0x0000001527b00000,0x0000001527c00000)]
  0x00000130865c77c0 JavaThread "jar transforms Thread 3" [_thread_blocked, id=458204, stack(0x0000001527c00000,0x0000001527d00000)]
  0x00000130865c9620 JavaThread "jar transforms Thread 4" [_thread_blocked, id=457896, stack(0x0000001527d00000,0x0000001527e00000)]
  0x00000130865c5450 JavaThread "jar transforms Thread 5" [_thread_blocked, id=458456, stack(0x0000001527e00000,0x0000001527f00000)]
  0x00000130865c6890 JavaThread "jar transforms Thread 6" [_thread_blocked, id=456656, stack(0x0000001527f00000,0x0000001528000000)]
  0x00000130865c8c00 JavaThread "jar transforms Thread 7" [_thread_blocked, id=451596, stack(0x0000001528000000,0x0000001528100000)]
  0x00000130865c9b30 JavaThread "jar transforms Thread 8" [_thread_blocked, id=455028, stack(0x0000001528100000,0x0000001528200000)]
  0x00000130865c6da0 JavaThread "Cache worker for file content cache (C:\Users\homee\.gradle\caches\8.3\fileContent)" [_thread_blocked, id=456428, stack(0x0000001528900000,0x0000001528a00000)]
  0x00000130865ca040 JavaThread "Cache worker for execution history cache (C:\Users\homee\.gradle\caches\8.3\executionHistory)" [_thread_blocked, id=456904, stack(0x0000001528b00000,0x0000001528c00000)]
  0x00000130865c4010 JavaThread "Cache worker for kotlin-dsl (C:\Users\homee\.gradle\caches\8.3\kotlin-dsl)" [_thread_blocked, id=458716, stack(0x0000001528f00000,0x0000001529000000)]
  0x0000013085a22ef0 JavaThread "Memory manager" [_thread_blocked, id=457732, stack(0x0000001529b00000,0x0000001529c00000)]
  0x0000013092ff78b0 JavaThread "Daemon Thread 2" [_thread_blocked, id=462884, stack(0x0000001524f00000,0x0000001525000000)]
  0x0000013092ff2cc0 JavaThread "Handler for socket connection from /127.0.0.1:51319 to /127.0.0.1:52892" [_thread_in_native, id=460704, stack(0x0000001525000000,0x0000001525100000)]
  0x0000013092ff5030 JavaThread "Cancel handler" [_thread_blocked, id=463820, stack(0x0000001525100000,0x0000001525200000)]
  0x0000013092ff9200 JavaThread "Daemon worker Thread 2" [_thread_blocked, id=462876, stack(0x0000001526d00000,0x0000001526e00000)]
  0x0000013092ff5f60 JavaThread "Asynchronous log dispatcher for DefaultDaemonConnection: socket connection from /127.0.0.1:51319 to /127.0.0.1:52892" [_thread_blocked, id=463884, stack(0x0000001526e00000,0x0000001526f00000)]
  0x0000013092ff31d0 JavaThread "Stdin handler" [_thread_blocked, id=457620, stack(0x0000001526f00000,0x0000001527000000)]
  0x0000013092ff7dc0 JavaThread "Daemon client event forwarder" [_thread_blocked, id=459052, stack(0x0000001527000000,0x0000001527100000)]
  0x0000013092ff6e90 JavaThread "Cache worker for checksums cache (D:\code\phase1\Try\homee\android\.gradle\8.3\checksums)" [_thread_blocked, id=456520, stack(0x0000001527100000,0x0000001527200000)]
  0x0000013092ffa130 JavaThread "Cache worker for file hash cache (D:\code\phase1\Try\homee\android\.gradle\8.3\fileHashes)" [_thread_blocked, id=424508, stack(0x0000001527200000,0x0000001527300000)]
  0x0000013092ff36e0 JavaThread "Cache worker for cache directory md-supplier (C:\Users\homee\.gradle\caches\8.3\md-supplier)" [_thread_blocked, id=447808, stack(0x0000001527300000,0x0000001527400000)]
  0x0000013092ff73a0 JavaThread "Cache worker for cache directory md-rule (C:\Users\homee\.gradle\caches\8.3\md-rule)" [_thread_blocked, id=453084, stack(0x0000001527700000,0x0000001527800000)]
  0x0000013092ff4100 JavaThread "Unconstrained build operations" [_thread_blocked, id=462652, stack(0x0000001528200000,0x0000001528300000)]
  0x0000013092ff4610 JavaThread "Unconstrained build operations Thread 2" [_thread_blocked, id=464284, stack(0x0000001528600000,0x0000001528700000)]
  0x0000013084533a60 JavaThread "Cache worker for dependencies-accessors (D:\code\phase1\Try\homee\android\.gradle\8.3\dependencies-accessors)" [_thread_blocked, id=461340, stack(0x0000001528700000,0x0000001528800000)]
  0x0000013084533040 JavaThread "Cache worker for Build Output Cleanup Cache (D:\code\phase1\Try\homee\node_modules\@react-native\gradle-plugin\.gradle\buildOutputCleanup)" [_thread_blocked, id=457776, stack(0x0000001528800000,0x0000001528900000)]
  0x000001308452ee70 JavaThread "Unconstrained build operations Thread 3" [_thread_blocked, id=456724, stack(0x0000001528a00000,0x0000001528b00000)]
  0x000001308452e960 JavaThread "Unconstrained build operations Thread 4" [_thread_blocked, id=437376, stack(0x0000001529000000,0x0000001529100000)]
  0x00000130845311e0 JavaThread "Unconstrained build operations Thread 5" [_thread_blocked, id=460336, stack(0x0000001529100000,0x0000001529200000)]
  0x0000013084532b30 JavaThread "Unconstrained build operations Thread 6" [_thread_blocked, id=459468, stack(0x0000001529200000,0x0000001529300000)]
  0x0000013084531c00 JavaThread "Unconstrained build operations Thread 7" [_thread_blocked, id=461400, stack(0x0000001529300000,0x0000001529400000)]
  0x000001308452e450 JavaThread "Unconstrained build operations Thread 8" [_thread_blocked, id=457852, stack(0x0000001529400000,0x0000001529500000)]
  0x0000013084534990 JavaThread "Unconstrained build operations Thread 9" [_thread_blocked, id=461336, stack(0x0000001529500000,0x0000001529600000)]
  0x0000013084533550 JavaThread "Cache worker for Build Output Cleanup Cache (D:\code\phase1\Try\homee\android\.gradle\buildOutputCleanup)" [_thread_blocked, id=457944, stack(0x0000001529600000,0x0000001529700000)]
  0x000001308452fda0 JavaThread "ForkJoinPool.commonPool-worker-10" daemon [_thread_blocked, id=459316, stack(0x0000001529700000,0x0000001529800000)]
  0x0000013084532110 JavaThread "ForkJoinPool.commonPool-worker-11" daemon [_thread_blocked, id=462280, stack(0x0000001529800000,0x0000001529900000)]
  0x00000130845302b0 JavaThread "ForkJoinPool.commonPool-worker-12" daemon [_thread_blocked, id=460180, stack(0x0000001529900000,0x0000001529a00000)]
  0x00000130845307c0 JavaThread "ForkJoinPool.commonPool-worker-13" daemon [_thread_blocked, id=459504, stack(0x0000001529a00000,0x0000001529b00000)]
  0x0000013084533f70 JavaThread "ForkJoinPool.commonPool-worker-14" daemon [_thread_blocked, id=454780, stack(0x0000001529c00000,0x0000001529d00000)]
  0x000001308452f890 JavaThread "ForkJoinPool.commonPool-worker-15" daemon [_thread_blocked, id=460512, stack(0x0000001529d00000,0x0000001529e00000)]
  0x0000013084530cd0 JavaThread "ForkJoinPool.commonPool-worker-16" daemon [_thread_blocked, id=459792, stack(0x0000001529e00000,0x0000001529f00000)]
  0x00000130845316f0 JavaThread "included builds" [_thread_blocked, id=453796, stack(0x0000001529f00000,0x000000152a000000)]
  0x0000013084534480 JavaThread "Execution worker" [_thread_blocked, id=447524, stack(0x000000152a000000,0x000000152a100000)]
  0x0000013084534ea0 JavaThread "Execution worker Thread 2" [_thread_blocked, id=453556, stack(0x000000152a100000,0x000000152a200000)]
  0x00000130845353b0 JavaThread "Execution worker Thread 3" [_thread_blocked, id=459568, stack(0x000000152a200000,0x000000152a300000)]
  0x000001308452df40 JavaThread "Execution worker Thread 4" [_thread_blocked, id=458932, stack(0x000000152a300000,0x000000152a400000)]
  0x000001308e75b550 JavaThread "Execution worker Thread 5" [_thread_blocked, id=460928, stack(0x000000152a400000,0x000000152a500000)]
  0x000001308e75c480 JavaThread "Execution worker Thread 6" [_thread_blocked, id=459288, stack(0x000000152a500000,0x000000152a600000)]
  0x000001308e75e7f0 JavaThread "Execution worker Thread 7" [_thread_blocked, id=450756, stack(0x000000152a600000,0x000000152a700000)]
  0x000001308e760140 JavaThread "Cache worker for execution history cache (D:\code\phase1\Try\homee\node_modules\@react-native\gradle-plugin\.gradle\8.3\executionHistory)" [_thread_blocked, id=454680, stack(0x000000152a700000,0x000000152a800000)]
  0x000001308e75ed00 JavaThread "Unconstrained build operations Thread 10" [_thread_blocked, id=445356, stack(0x000000152a800000,0x000000152a900000)]
  0x000001308e75f720 JavaThread "Unconstrained build operations Thread 11" [_thread_blocked, id=462284, stack(0x000000152a900000,0x000000152aa00000)]
  0x000001308e760650 JavaThread "Unconstrained build operations Thread 12" [_thread_blocked, id=462288, stack(0x000000152aa00000,0x000000152ab00000)]
  0x000001308e75ab30 JavaThread "Unconstrained build operations Thread 13" [_thread_blocked, id=433664, stack(0x000000152ab00000,0x000000152ac00000)]
  0x000001308e760b60 JavaThread "Unconstrained build operations Thread 14" [_thread_blocked, id=460288, stack(0x000000152ac00000,0x000000152ad00000)]
  0x000001308e75d8c0 JavaThread "Unconstrained build operations Thread 15" [_thread_blocked, id=464208, stack(0x000000152ad00000,0x000000152ae00000)]
  0x000001308e761070 JavaThread "Unconstrained build operations Thread 16" [_thread_blocked, id=449616, stack(0x000000152ae00000,0x000000152af00000)]
  0x000001308e75c990 JavaThread "Unconstrained build operations Thread 17" [_thread_blocked, id=448444, stack(0x000000152af00000,0x000000152b000000)]
  0x000001308e75d3b0 JavaThread "Unconstrained build operations Thread 18" [_thread_blocked, id=28184, stack(0x000000152b000000,0x000000152b100000)]
  0x000001308e75cea0 JavaThread "Unconstrained build operations Thread 19" [_thread_blocked, id=457920, stack(0x000000152b100000,0x000000152b200000)]
  0x000001308e761580 JavaThread "Unconstrained build operations Thread 20" [_thread_blocked, id=457308, stack(0x000000152b200000,0x000000152b300000)]
  0x000001308e761a90 JavaThread "Unconstrained build operations Thread 21" [_thread_blocked, id=461664, stack(0x000000152b300000,0x000000152b400000)]
  0x000001308e761fa0 JavaThread "Unconstrained build operations Thread 22" [_thread_blocked, id=459228, stack(0x000000152b400000,0x000000152b500000)]
  0x000001308e75ba60 JavaThread "Unconstrained build operations Thread 23" [_thread_blocked, id=464388, stack(0x000000152b500000,0x000000152b600000)]
  0x000001308e7624b0 JavaThread "Unconstrained build operations Thread 24" [_thread_blocked, id=462236, stack(0x000000152b600000,0x000000152b700000)]
  0x000001308e75bf70 JavaThread "Unconstrained build operations Thread 25" [_thread_blocked, id=461404, stack(0x000000152b700000,0x000000152b800000)]
  0x0000013085a23910 JavaThread "Unconstrained build operations Thread 26" [_thread_blocked, id=460836, stack(0x000000152b800000,0x000000152b900000)]
  0x0000013085a224d0 JavaThread "Unconstrained build operations Thread 27" [_thread_blocked, id=451944, stack(0x000000152b900000,0x000000152ba00000)]
  0x0000013085a21ab0 JavaThread "Unconstrained build operations Thread 28" [_thread_blocked, id=460508, stack(0x000000152ba00000,0x000000152bb00000)]
  0x0000013085a23e20 JavaThread "Unconstrained build operations Thread 29" [_thread_blocked, id=458436, stack(0x000000152bb00000,0x000000152bc00000)]
  0x0000013085a24330 JavaThread "Unconstrained build operations Thread 30" [_thread_blocked, id=461064, stack(0x000000152bc00000,0x000000152bd00000)]
  0x0000013085a24840 JavaThread "Unconstrained build operations Thread 31" [_thread_blocked, id=461048, stack(0x000000152bd00000,0x000000152be00000)]
  0x0000013085a25260 JavaThread "Unconstrained build operations Thread 32" [_thread_blocked, id=462916, stack(0x000000152be00000,0x000000152bf00000)]
  0x0000013085a25770 JavaThread "Unconstrained build operations Thread 33" [_thread_blocked, id=464008, stack(0x000000152bf00000,0x000000152c000000)]
  0x0000013085a25c80 JavaThread "Unconstrained build operations Thread 34" [_thread_blocked, id=448096, stack(0x000000152c000000,0x000000152c100000)]
  0x0000013085a29430 JavaThread "Unconstrained build operations Thread 35" [_thread_blocked, id=464136, stack(0x000000152c100000,0x000000152c200000)]
  0x0000013085a26190 JavaThread "Unconstrained build operations Thread 36" [_thread_blocked, id=459844, stack(0x000000152c200000,0x000000152c300000)]
  0x0000013085a266a0 JavaThread "Unconstrained build operations Thread 37" [_thread_blocked, id=455268, stack(0x000000152c300000,0x000000152c400000)]
  0x0000013085a26bb0 JavaThread "Unconstrained build operations Thread 38" [_thread_blocked, id=460784, stack(0x000000152c400000,0x000000152c500000)]
  0x0000013085a275d0 JavaThread "Unconstrained build operations Thread 39" [_thread_blocked, id=455564, stack(0x000000152c500000,0x000000152c600000)]
  0x0000013085a27ff0 JavaThread "Unconstrained build operations Thread 40" [_thread_blocked, id=459760, stack(0x000000152c600000,0x000000152c700000)]
  0x0000013085a28500 JavaThread "Unconstrained build operations Thread 41" [_thread_blocked, id=452712, stack(0x000000152c700000,0x000000152c800000)]
  0x0000013085a28a10 JavaThread "Unconstrained build operations Thread 42" [_thread_blocked, id=461408, stack(0x000000152c800000,0x000000152c900000)]
  0x0000013085a21fc0 JavaThread "Unconstrained build operations Thread 43" [_thread_blocked, id=461028, stack(0x000000152c900000,0x000000152ca00000)]
  0x000001308775ac50 JavaThread "Unconstrained build operations Thread 44" [_thread_blocked, id=364224, stack(0x000000152ca00000,0x000000152cb00000)]
  0x000001308775ee20 JavaThread "Unconstrained build operations Thread 45" [_thread_blocked, id=461732, stack(0x000000152cb00000,0x000000152cc00000)]
  0x000001308775def0 JavaThread "Unconstrained build operations Thread 46" [_thread_blocked, id=461864, stack(0x000000152cc00000,0x000000152cd00000)]
  0x000001308775f330 JavaThread "Unconstrained build operations Thread 47" [_thread_blocked, id=457388, stack(0x000000152cd00000,0x000000152ce00000)]
  0x000001308775cab0 JavaThread "Unconstrained build operations Thread 48" [_thread_blocked, id=460728, stack(0x000000152ce00000,0x000000152cf00000)]
  0x000001308775f840 JavaThread "Unconstrained build operations Thread 49" [_thread_blocked, id=461204, stack(0x000000152cf00000,0x000000152d000000)]
  0x0000013087759300 JavaThread "Unconstrained build operations Thread 50" [_thread_blocked, id=461376, stack(0x000000152d000000,0x000000152d100000)]
  0x000001308775a740 JavaThread "Unconstrained build operations Thread 51" [_thread_blocked, id=459956, stack(0x000000152d100000,0x000000152d200000)]
  0x0000013087760770 JavaThread "Unconstrained build operations Thread 52" [_thread_blocked, id=459624, stack(0x000000152d200000,0x000000152d300000)]
  0x0000013087759810 JavaThread "Unconstrained build operations Thread 53" [_thread_blocked, id=448820, stack(0x000000152d300000,0x000000152d400000)]
  0x000001308775b160 JavaThread "Unconstrained build operations Thread 54" [_thread_blocked, id=460620, stack(0x000000152d400000,0x000000152d500000)]
  0x000001308775bb80 JavaThread "Unconstrained build operations Thread 55" [_thread_blocked, id=452744, stack(0x000000152d500000,0x000000152d600000)]
  0x000001308775cfc0 JavaThread "Unconstrained build operations Thread 56" [_thread_blocked, id=444280, stack(0x000000152d600000,0x000000152d700000)]
  0x000001308775d4d0 JavaThread "Unconstrained build operations Thread 57" [_thread_blocked, id=403412, stack(0x000000152d700000,0x000000152d800000)]
  0x000001308775d9e0 JavaThread "Unconstrained build operations Thread 58" [_thread_blocked, id=461740, stack(0x000000152d800000,0x000000152d900000)]
  0x000001308f8f95e0 JavaThread "Unconstrained build operations Thread 59" [_thread_blocked, id=464248, stack(0x000000152d900000,0x000000152da00000)]
  0x000001308f8f9af0 JavaThread "Unconstrained build operations Thread 60" [_thread_blocked, id=464224, stack(0x000000152da00000,0x000000152db00000)]
  0x000001308f8fa000 JavaThread "Unconstrained build operations Thread 61" [_thread_blocked, id=464200, stack(0x000000152db00000,0x000000152dc00000)]
  0x000001308f8f3ac0 JavaThread "Unconstrained build operations Thread 62" [_thread_blocked, id=459748, stack(0x000000152dc00000,0x000000152dd00000)]
  0x000001308f8f6340 JavaThread "Unconstrained build operations Thread 63" [_thread_blocked, id=462436, stack(0x000000152de00000,0x000000152df00000)]
  0x000001308f8f7270 JavaThread "Unconstrained build operations Thread 64" [_thread_blocked, id=463456, stack(0x000000152df00000,0x000000152e000000)]
  0x000001308f8f6850 JavaThread "Unconstrained build operations Thread 65" [_thread_blocked, id=455884, stack(0x000000152e000000,0x000000152e100000)]
  0x000001308f8f5920 JavaThread "Unconstrained build operations Thread 66" [_thread_blocked, id=452952, stack(0x000000152e100000,0x000000152e200000)]
  0x000001308f8f30a0 JavaThread "Unconstrained build operations Thread 67" [_thread_blocked, id=460600, stack(0x000000152e200000,0x000000152e300000)]
  0x000001308f8faa20 JavaThread "Unconstrained build operations Thread 68" [_thread_blocked, id=460628, stack(0x000000152e300000,0x000000152e400000)]
  0x000001308f8f3fd0 JavaThread "Unconstrained build operations Thread 69" [_thread_blocked, id=451412, stack(0x000000152e400000,0x000000152e500000)]
  0x000001308f8f44e0 JavaThread "Unconstrained build operations Thread 70" [_thread_blocked, id=452760, stack(0x000000152e500000,0x000000152e600000)]
  0x000001308f8f6d60 JavaThread "Unconstrained build operations Thread 71" [_thread_blocked, id=444080, stack(0x000000152e600000,0x000000152e700000)]
  0x000001308f8f7780 JavaThread "Unconstrained build operations Thread 72" [_thread_blocked, id=446212, stack(0x000000152e700000,0x000000152e800000)]
  0x00000130865c2bd0 JavaThread "Unconstrained build operations Thread 73" [_thread_blocked, id=460624, stack(0x000000152e800000,0x000000152e900000)]
  0x00000130865ca550 JavaThread "Unconstrained build operations Thread 74" [_thread_blocked, id=452588, stack(0x000000152e900000,0x000000152ea00000)]
  0x00000130865c7cd0 JavaThread "Unconstrained build operations Thread 75" [_thread_blocked, id=428548, stack(0x000000152ea00000,0x000000152eb00000)]
  0x00000130865c6380 JavaThread "Unconstrained build operations Thread 76" [_thread_blocked, id=462432, stack(0x000000152eb00000,0x000000152ec00000)]
  0x00000130865c4520 JavaThread "Unconstrained build operations Thread 77" [_thread_blocked, id=432012, stack(0x000000152ec00000,0x000000152ed00000)]
  0x00000130865c81e0 JavaThread "Unconstrained build operations Thread 78" [_thread_blocked, id=459068, stack(0x000000152ed00000,0x000000152ee00000)]
  0x00000130865c35f0 JavaThread "Unconstrained build operations Thread 79" [_thread_blocked, id=462428, stack(0x000000152ee00000,0x000000152ef00000)]
  0x00000130865c4a30 JavaThread "Unconstrained build operations Thread 80" [_thread_blocked, id=462688, stack(0x000000152ef00000,0x000000152f000000)]
  0x00000130859434a0 JavaThread "Cache worker for execution history cache (D:\code\phase1\Try\homee\android\.gradle\8.3\executionHistory)" [_thread_blocked, id=463792, stack(0x000000152f000000,0x000000152f100000)]

Other Threads:
=>0x000001303e4256c0 VMThread "VM Thread" [stack: 0x0000001525800000,0x0000001525900000] [id=458692]
  0x000001301b5e8c70 WatcherThread [stack: 0x0000001526400000,0x0000001526500000] [id=459032]
  0x000001301b656cb0 GCTaskThread "GC Thread#0" [stack: 0x0000001525300000,0x0000001525400000] [id=457268]
  0x000001308479e7b0 GCTaskThread "GC Thread#1" [stack: 0x0000001526500000,0x0000001526600000] [id=435912]
  0x000001308455f3e0 GCTaskThread "GC Thread#2" [stack: 0x0000001526600000,0x0000001526700000] [id=459136]
  0x000001308455f6a0 GCTaskThread "GC Thread#3" [stack: 0x0000001526700000,0x0000001526800000] [id=457372]
  0x000001308455f960 GCTaskThread "GC Thread#4" [stack: 0x0000001526800000,0x0000001526900000] [id=457116]
  0x00000130842a5720 GCTaskThread "GC Thread#5" [stack: 0x0000001526900000,0x0000001526a00000] [id=459016]
  0x00000130848eb520 GCTaskThread "GC Thread#6" [stack: 0x0000001528300000,0x0000001528400000] [id=445512]
  0x00000130848ebaa0 GCTaskThread "GC Thread#7" [stack: 0x0000001528400000,0x0000001528500000] [id=459456]
  0x00000130193bdfc0 ConcurrentGCThread "G1 Main Marker" [stack: 0x0000001525400000,0x0000001525500000] [id=459408]
  0x00000130193be9d0 ConcurrentGCThread "G1 Conc#0" [stack: 0x0000001525500000,0x0000001525600000] [id=434868]
  0x00000130848ec2e0 ConcurrentGCThread "G1 Conc#1" [stack: 0x0000001528500000,0x0000001528600000] [id=450348]
  0x000001301b6ae8f0 ConcurrentGCThread "G1 Refine#0" [stack: 0x0000001525600000,0x0000001525700000] [id=458972]
  0x0000013086793500 ConcurrentGCThread "G1 Refine#1" [stack: 0x0000001528c00000,0x0000001528d00000] [id=447552]
  0x0000013086792f20 ConcurrentGCThread "G1 Refine#2" [stack: 0x0000001528d00000,0x0000001528e00000] [id=457396]
  0x00000130867cae50 ConcurrentGCThread "G1 Refine#3" [stack: 0x000000152dd00000,0x000000152de00000] [id=457352]
  0x000001308f9bb0f0 ConcurrentGCThread "G1 Refine#4" [stack: 0x0000001528e00000,0x0000001528f00000] [id=428148]
  0x000001303e2de3a0 ConcurrentGCThread "G1 Service" [stack: 0x0000001525700000,0x0000001525800000] [id=447572]

Threads with active compile tasks:
C2 CompilerThread0  1890843 32991       4       org.gradle.api.internal.artifacts.transform.TransformingAsyncArtifactListener$TransformedArtifact::lambda$visit$3 (65 bytes)

VM state: at safepoint (normal execution)

VM Mutex/Monitor currently owned by a thread:  ([mutex/lock_event])
[0x000001301b5e2920] Threads_lock - owner thread: 0x000001303e4256c0
[0x000001301b5e29b0] Heap_lock - owner thread: 0x000001308452df40

Heap address: 0x0000000700000000, size: 4096 MB, Compressed Oops mode: Zero based, Oop shift amount: 3

CDS archive(s) mapped at: [0x000001303f000000-0x000001303fbd0000-0x000001303fbd0000), size 12386304, SharedBaseAddress: 0x000001303f000000, ArchiveRelocationMode: 1.
Compressed class space mapped at: 0x0000013040000000-0x0000013080000000, reserved size: 1073741824
Narrow klass base: 0x000001303f000000, Narrow klass shift: 0, Narrow klass range: 0x100000000

GC Precious Log:
 CPUs: 8 total, 8 available
 Memory: 16133M
 Large Page Support: Disabled
 NUMA Support: Disabled
 Compressed Oops: Enabled (Zero based)
 Heap Region Size: 2M
 Heap Min Capacity: 8M
 Heap Initial Capacity: 254M
 Heap Max Capacity: 4G
 Pre-touch: Disabled
 Parallel Workers: 8
 Concurrent Workers: 2
 Concurrent Refinement Workers: 8
 Periodic GC: Disabled

Heap:
 garbage-first heap   total 1599488K, used 661548K [0x0000000700000000, 0x0000000800000000)
  region size 2048K, 6 young (12288K), 6 survivors (12288K)
 Metaspace       used 144476K, committed 147456K, reserved 1179648K
  class space    used 19283K, committed 20672K, reserved 1048576K

Heap Regions: E=young(eden), S=young(survivor), O=old, HS=humongous(starts), HC=humongous(continues), CS=collection set, F=free, OA=open archive, CA=closed archive, TAMS=top-at-mark-start (previous, next)
|   0|0x0000000700000000, 0x0000000700200000, 0x0000000700200000|100%|HS|  |TAMS 0x0000000700200000, 0x0000000700000000| Complete 
|   1|0x0000000700200000, 0x0000000700400000, 0x0000000700400000|100%|HC|  |TAMS 0x0000000700400000, 0x0000000700200000| Complete 
|   2|0x0000000700400000, 0x0000000700600000, 0x0000000700600000|100%| O|  |TAMS 0x0000000700600000, 0x0000000700400000| Untracked 
|   3|0x0000000700600000, 0x0000000700800000, 0x0000000700800000|100%| O|  |TAMS 0x0000000700800000, 0x0000000700600000| Untracked 
|   4|0x0000000700800000, 0x0000000700a00000, 0x0000000700a00000|100%| O|  |TAMS 0x0000000700a00000, 0x0000000700800000| Untracked 
|   5|0x0000000700a00000, 0x0000000700c00000, 0x0000000700c00000|100%| O|  |TAMS 0x0000000700c00000, 0x0000000700a00000| Untracked 
|   6|0x0000000700c00000, 0x0000000700e00000, 0x0000000700e00000|100%|HS|  |TAMS 0x0000000700e00000, 0x0000000700c00000| Complete 
|   7|0x0000000700e00000, 0x0000000701000000, 0x0000000701000000|100%|HS|  |TAMS 0x0000000701000000, 0x0000000700e00000| Complete 
|   8|0x0000000701000000, 0x0000000701200000, 0x0000000701200000|100%|HC|  |TAMS 0x0000000701200000, 0x0000000701000000| Complete 
|   9|0x0000000701200000, 0x0000000701400000, 0x0000000701400000|100%|HS|  |TAMS 0x0000000701400000, 0x0000000701200000| Complete 
|  10|0x0000000701400000, 0x0000000701600000, 0x0000000701600000|100%|HS|  |TAMS 0x0000000701600000, 0x0000000701400000| Complete 
|  11|0x0000000701600000, 0x0000000701800000, 0x0000000701800000|100%|HC|  |TAMS 0x0000000701800000, 0x0000000701600000| Complete 
|  12|0x0000000701800000, 0x0000000701a00000, 0x0000000701a00000|100%|HC|  |TAMS 0x0000000701a00000, 0x0000000701800000| Complete 
|  13|0x0000000701a00000, 0x0000000701c00000, 0x0000000701c00000|100%|HC|  |TAMS 0x0000000701c00000, 0x0000000701a00000| Complete 
|  14|0x0000000701c00000, 0x0000000701e00000, 0x0000000701e00000|100%|HC|  |TAMS 0x0000000701e00000, 0x0000000701c00000| Complete 
|  15|0x0000000701e00000, 0x0000000702000000, 0x0000000702000000|100%|HC|  |TAMS 0x0000000702000000, 0x0000000701e00000| Complete 
|  16|0x0000000702000000, 0x0000000702200000, 0x0000000702200000|100%|HS|  |TAMS 0x0000000702200000, 0x0000000702000000| Complete 
|  17|0x0000000702200000, 0x0000000702400000, 0x0000000702400000|100%| O|  |TAMS 0x0000000702400000, 0x0000000702200000| Untracked 
|  18|0x0000000702400000, 0x0000000702600000, 0x0000000702600000|100%| O|  |TAMS 0x0000000702600000, 0x0000000702400000| Untracked 
|  19|0x0000000702600000, 0x0000000702800000, 0x0000000702800000|100%| O|  |TAMS 0x0000000702800000, 0x0000000702600000| Untracked 
|  20|0x0000000702800000, 0x0000000702a00000, 0x0000000702a00000|100%| O|  |TAMS 0x0000000702a00000, 0x0000000702800000| Untracked 
|  21|0x0000000702a00000, 0x0000000702c00000, 0x0000000702c00000|100%| O|  |TAMS 0x0000000702c00000, 0x0000000702a00000| Untracked 
|  22|0x0000000702c00000, 0x0000000702e00000, 0x0000000702e00000|100%| O|  |TAMS 0x0000000702e00000, 0x0000000702c00000| Untracked 
|  23|0x0000000702e00000, 0x0000000703000000, 0x0000000703000000|100%| O|  |TAMS 0x0000000703000000, 0x0000000702e00000| Untracked 
|  24|0x0000000703000000, 0x0000000703200000, 0x0000000703200000|100%| O|  |TAMS 0x0000000703200000, 0x0000000703000000| Untracked 
|  25|0x0000000703200000, 0x0000000703400000, 0x0000000703400000|100%| O|  |TAMS 0x0000000703400000, 0x0000000703200000| Untracked 
|  26|0x0000000703400000, 0x0000000703600000, 0x0000000703600000|100%| O|  |TAMS 0x0000000703600000, 0x0000000703400000| Untracked 
|  27|0x0000000703600000, 0x0000000703800000, 0x0000000703800000|100%| O|  |TAMS 0x0000000703800000, 0x0000000703600000| Untracked 
|  28|0x0000000703800000, 0x0000000703a00000, 0x0000000703a00000|100%| O|  |TAMS 0x0000000703a00000, 0x0000000703800000| Untracked 
|  29|0x0000000703a00000, 0x0000000703c00000, 0x0000000703c00000|100%|HS|  |TAMS 0x0000000703c00000, 0x0000000703a00000| Complete 
|  30|0x0000000703c00000, 0x0000000703e00000, 0x0000000703e00000|100%|HS|  |TAMS 0x0000000703e00000, 0x0000000703c00000| Complete 
|  31|0x0000000703e00000, 0x0000000704000000, 0x0000000704000000|100%|HS|  |TAMS 0x0000000704000000, 0x0000000703e00000| Complete 
|  32|0x0000000704000000, 0x0000000704200000, 0x0000000704200000|100%|HS|  |TAMS 0x0000000704200000, 0x0000000704000000| Complete 
|  33|0x0000000704200000, 0x0000000704400000, 0x0000000704400000|100%|HC|  |TAMS 0x0000000704400000, 0x0000000704200000| Complete 
|  34|0x0000000704400000, 0x0000000704600000, 0x0000000704600000|100%|HS|  |TAMS 0x0000000704600000, 0x0000000704400000| Complete 
|  35|0x0000000704600000, 0x0000000704800000, 0x0000000704800000|100%|HC|  |TAMS 0x0000000704800000, 0x0000000704600000| Complete 
|  36|0x0000000704800000, 0x0000000704a00000, 0x0000000704a00000|100%|HS|  |TAMS 0x0000000704a00000, 0x0000000704800000| Complete 
|  37|0x0000000704a00000, 0x0000000704c00000, 0x0000000704c00000|100%|HC|  |TAMS 0x0000000704c00000, 0x0000000704a00000| Complete 
|  38|0x0000000704c00000, 0x0000000704e00000, 0x0000000704e00000|100%| O|  |TAMS 0x0000000704e00000, 0x0000000704c00000| Untracked 
|  39|0x0000000704e00000, 0x0000000705000000, 0x0000000705000000|100%| O|  |TAMS 0x0000000705000000, 0x0000000704e00000| Untracked 
|  40|0x0000000705000000, 0x0000000705200000, 0x0000000705200000|100%| O|  |TAMS 0x0000000705200000, 0x0000000705000000| Untracked 
|  41|0x0000000705200000, 0x0000000705400000, 0x0000000705400000|100%| O|  |TAMS 0x0000000705400000, 0x0000000705200000| Untracked 
|  42|0x0000000705400000, 0x0000000705600000, 0x0000000705600000|100%| O|  |TAMS 0x0000000705600000, 0x0000000705400000| Untracked 
|  43|0x0000000705600000, 0x0000000705800000, 0x0000000705800000|100%| O|  |TAMS 0x0000000705800000, 0x0000000705600000| Untracked 
|  44|0x0000000705800000, 0x0000000705a00000, 0x0000000705a00000|100%| O|  |TAMS 0x0000000705a00000, 0x0000000705800000| Untracked 
|  45|0x0000000705a00000, 0x0000000705c00000, 0x0000000705c00000|100%| O|  |TAMS 0x0000000705c00000, 0x0000000705a00000| Untracked 
|  46|0x0000000705c00000, 0x0000000705e00000, 0x0000000705e00000|100%| O|  |TAMS 0x0000000705e00000, 0x0000000705c00000| Untracked 
|  47|0x0000000705e00000, 0x0000000706000000, 0x0000000706000000|100%|HS|  |TAMS 0x0000000706000000, 0x0000000705e00000| Complete 
|  48|0x0000000706000000, 0x0000000706200000, 0x0000000706200000|100%| O|  |TAMS 0x0000000706200000, 0x0000000706000000| Untracked 
|  49|0x0000000706200000, 0x0000000706400000, 0x0000000706400000|100%| O|  |TAMS 0x0000000706400000, 0x0000000706200000| Untracked 
|  50|0x0000000706400000, 0x0000000706600000, 0x0000000706600000|100%| O|  |TAMS 0x0000000706600000, 0x0000000706400000| Untracked 
|  51|0x0000000706600000, 0x0000000706800000, 0x0000000706800000|100%| O|  |TAMS 0x0000000706800000, 0x0000000706600000| Untracked 
|  52|0x0000000706800000, 0x0000000706a00000, 0x0000000706a00000|100%| O|  |TAMS 0x0000000706a00000, 0x0000000706800000| Untracked 
|  53|0x0000000706a00000, 0x0000000706c00000, 0x0000000706c00000|100%| O|  |TAMS 0x0000000706c00000, 0x0000000706a00000| Untracked 
|  54|0x0000000706c00000, 0x0000000706e00000, 0x0000000706e00000|100%| O|  |TAMS 0x0000000706e00000, 0x0000000706c00000| Untracked 
|  55|0x0000000706e00000, 0x0000000707000000, 0x0000000707000000|100%| O|  |TAMS 0x0000000707000000, 0x0000000706e00000| Untracked 
|  56|0x0000000707000000, 0x0000000707200000, 0x0000000707200000|100%| O|  |TAMS 0x0000000707200000, 0x0000000707000000| Untracked 
|  57|0x0000000707200000, 0x0000000707400000, 0x0000000707400000|100%| O|  |TAMS 0x0000000707400000, 0x0000000707200000| Untracked 
|  58|0x0000000707400000, 0x0000000707600000, 0x0000000707600000|100%| O|  |TAMS 0x0000000707600000, 0x0000000707400000| Untracked 
|  59|0x0000000707600000, 0x0000000707800000, 0x0000000707800000|100%| O|  |TAMS 0x0000000707800000, 0x0000000707600000| Untracked 
|  60|0x0000000707800000, 0x0000000707a00000, 0x0000000707a00000|100%| O|  |TAMS 0x0000000707a00000, 0x0000000707800000| Untracked 
|  61|0x0000000707a00000, 0x0000000707c00000, 0x0000000707c00000|100%| O|  |TAMS 0x0000000707c00000, 0x0000000707a00000| Untracked 
|  62|0x0000000707c00000, 0x0000000707e00000, 0x0000000707e00000|100%| O|  |TAMS 0x0000000707e00000, 0x0000000707c00000| Untracked 
|  63|0x0000000707e00000, 0x0000000708000000, 0x0000000708000000|100%| O|  |TAMS 0x0000000708000000, 0x0000000707e00000| Untracked 
|  64|0x0000000708000000, 0x0000000708200000, 0x0000000708200000|100%| O|  |TAMS 0x0000000708200000, 0x0000000708000000| Untracked 
|  65|0x0000000708200000, 0x0000000708400000, 0x0000000708400000|100%| O|  |TAMS 0x0000000708400000, 0x0000000708200000| Untracked 
|  66|0x0000000708400000, 0x0000000708600000, 0x0000000708600000|100%| O|  |TAMS 0x0000000708600000, 0x0000000708400000| Untracked 
|  67|0x0000000708600000, 0x0000000708800000, 0x0000000708800000|100%| O|  |TAMS 0x0000000708800000, 0x0000000708600000| Untracked 
|  68|0x0000000708800000, 0x0000000708a00000, 0x0000000708a00000|100%| O|  |TAMS 0x0000000708a00000, 0x0000000708800000| Untracked 
|  69|0x0000000708a00000, 0x0000000708c00000, 0x0000000708c00000|100%| O|  |TAMS 0x0000000708c00000, 0x0000000708a00000| Untracked 
|  70|0x0000000708c00000, 0x0000000708e00000, 0x0000000708e00000|100%| O|  |TAMS 0x0000000708e00000, 0x0000000708c00000| Untracked 
|  71|0x0000000708e00000, 0x0000000709000000, 0x0000000709000000|100%| O|  |TAMS 0x0000000709000000, 0x0000000708e00000| Untracked 
|  72|0x0000000709000000, 0x0000000709200000, 0x0000000709200000|100%| O|  |TAMS 0x0000000709200000, 0x0000000709000000| Untracked 
|  73|0x0000000709200000, 0x0000000709400000, 0x0000000709400000|100%| O|  |TAMS 0x0000000709400000, 0x0000000709200000| Untracked 
|  74|0x0000000709400000, 0x0000000709600000, 0x0000000709600000|100%| O|  |TAMS 0x0000000709600000, 0x0000000709400000| Untracked 
|  75|0x0000000709600000, 0x0000000709800000, 0x0000000709800000|100%| O|  |TAMS 0x0000000709800000, 0x0000000709600000| Untracked 
|  76|0x0000000709800000, 0x0000000709a00000, 0x0000000709a00000|100%| O|  |TAMS 0x0000000709a00000, 0x0000000709800000| Untracked 
|  77|0x0000000709a00000, 0x0000000709c00000, 0x0000000709c00000|100%| O|  |TAMS 0x0000000709c00000, 0x0000000709a00000| Untracked 
|  78|0x0000000709c00000, 0x0000000709e00000, 0x0000000709e00000|100%| O|  |TAMS 0x0000000709e00000, 0x0000000709c00000| Untracked 
|  79|0x0000000709e00000, 0x000000070a000000, 0x000000070a000000|100%|HS|  |TAMS 0x000000070a000000, 0x0000000709e00000| Complete 
|  80|0x000000070a000000, 0x000000070a200000, 0x000000070a200000|100%|HC|  |TAMS 0x000000070a200000, 0x000000070a000000| Complete 
|  81|0x000000070a200000, 0x000000070a400000, 0x000000070a400000|100%| O|  |TAMS 0x000000070a400000, 0x000000070a200000| Untracked 
|  82|0x000000070a400000, 0x000000070a600000, 0x000000070a600000|100%| O|  |TAMS 0x000000070a600000, 0x000000070a400000| Untracked 
|  83|0x000000070a600000, 0x000000070a800000, 0x000000070a800000|100%| O|  |TAMS 0x000000070a800000, 0x000000070a600000| Untracked 
|  84|0x000000070a800000, 0x000000070aa00000, 0x000000070aa00000|100%| O|  |TAMS 0x000000070aa00000, 0x000000070a800000| Untracked 
|  85|0x000000070aa00000, 0x000000070ac00000, 0x000000070ac00000|100%| O|  |TAMS 0x000000070ac00000, 0x000000070aa00000| Untracked 
|  86|0x000000070ac00000, 0x000000070ae00000, 0x000000070ae00000|100%| O|  |TAMS 0x000000070ae00000, 0x000000070ac00000| Untracked 
|  87|0x000000070ae00000, 0x000000070b000000, 0x000000070b000000|100%| O|  |TAMS 0x000000070b000000, 0x000000070ae00000| Untracked 
|  88|0x000000070b000000, 0x000000070b200000, 0x000000070b200000|100%| O|  |TAMS 0x000000070b200000, 0x000000070b000000| Untracked 
|  89|0x000000070b200000, 0x000000070b400000, 0x000000070b400000|100%| O|  |TAMS 0x000000070b400000, 0x000000070b200000| Untracked 
|  90|0x000000070b400000, 0x000000070b600000, 0x000000070b600000|100%| O|  |TAMS 0x000000070b600000, 0x000000070b400000| Untracked 
|  91|0x000000070b600000, 0x000000070b800000, 0x000000070b800000|100%| O|  |TAMS 0x000000070b800000, 0x000000070b600000| Untracked 
|  92|0x000000070b800000, 0x000000070ba00000, 0x000000070ba00000|100%| O|  |TAMS 0x000000070ba00000, 0x000000070b800000| Untracked 
|  93|0x000000070ba00000, 0x000000070bc00000, 0x000000070bc00000|100%| O|  |TAMS 0x000000070bc00000, 0x000000070ba00000| Untracked 
|  94|0x000000070bc00000, 0x000000070be00000, 0x000000070be00000|100%|HS|  |TAMS 0x000000070bc00000, 0x000000070bc00000| Complete 
|  95|0x000000070be00000, 0x000000070c000000, 0x000000070c000000|100%| O|  |TAMS 0x000000070c000000, 0x000000070be00000| Untracked 
|  96|0x000000070c000000, 0x000000070c200000, 0x000000070c200000|100%| O|  |TAMS 0x000000070c200000, 0x000000070c000000| Untracked 
|  97|0x000000070c200000, 0x000000070c400000, 0x000000070c400000|100%|HS|  |TAMS 0x000000070c400000, 0x000000070c200000| Complete 
|  98|0x000000070c400000, 0x000000070c600000, 0x000000070c600000|100%|HS|  |TAMS 0x000000070c600000, 0x000000070c400000| Complete 
|  99|0x000000070c600000, 0x000000070c800000, 0x000000070c800000|100%| O|  |TAMS 0x000000070c800000, 0x000000070c600000| Untracked 
| 100|0x000000070c800000, 0x000000070ca00000, 0x000000070ca00000|100%| O|  |TAMS 0x000000070ca00000, 0x000000070c800000| Untracked 
| 101|0x000000070ca00000, 0x000000070cc00000, 0x000000070cc00000|100%| O|  |TAMS 0x000000070cc00000, 0x000000070ca00000| Untracked 
| 102|0x000000070cc00000, 0x000000070ce00000, 0x000000070ce00000|100%| O|  |TAMS 0x000000070ce00000, 0x000000070cc00000| Untracked 
| 103|0x000000070ce00000, 0x000000070d000000, 0x000000070d000000|100%| O|  |TAMS 0x000000070d000000, 0x000000070ce00000| Untracked 
| 104|0x000000070d000000, 0x000000070d200000, 0x000000070d200000|100%|HS|  |TAMS 0x000000070d000000, 0x000000070d000000| Complete 
| 105|0x000000070d200000, 0x000000070d400000, 0x000000070d400000|100%| O|  |TAMS 0x000000070d400000, 0x000000070d200000| Untracked 
| 106|0x000000070d400000, 0x000000070d600000, 0x000000070d600000|100%| O|  |TAMS 0x000000070d600000, 0x000000070d400000| Untracked 
| 107|0x000000070d600000, 0x000000070d800000, 0x000000070d800000|100%| O|  |TAMS 0x000000070d800000, 0x000000070d600000| Untracked 
| 108|0x000000070d800000, 0x000000070da00000, 0x000000070da00000|100%| O|  |TAMS 0x000000070da00000, 0x000000070d800000| Untracked 
| 109|0x000000070da00000, 0x000000070dc00000, 0x000000070dc00000|100%| O|  |TAMS 0x000000070dc00000, 0x000000070da00000| Untracked 
| 110|0x000000070dc00000, 0x000000070de00000, 0x000000070de00000|100%| O|  |TAMS 0x000000070de00000, 0x000000070dc00000| Untracked 
| 111|0x000000070de00000, 0x000000070e000000, 0x000000070e000000|100%| O|  |TAMS 0x000000070e000000, 0x000000070de00000| Untracked 
| 112|0x000000070e000000, 0x000000070e200000, 0x000000070e200000|100%| O|  |TAMS 0x000000070e200000, 0x000000070e000000| Untracked 
| 113|0x000000070e200000, 0x000000070e400000, 0x000000070e400000|100%| O|  |TAMS 0x000000070e400000, 0x000000070e200000| Untracked 
| 114|0x000000070e400000, 0x000000070e600000, 0x000000070e600000|100%| O|  |TAMS 0x000000070e600000, 0x000000070e400000| Untracked 
| 115|0x000000070e600000, 0x000000070e800000, 0x000000070e800000|100%| O|  |TAMS 0x000000070e800000, 0x000000070e600000| Untracked 
| 116|0x000000070e800000, 0x000000070ea00000, 0x000000070ea00000|100%| O|  |TAMS 0x000000070ea00000, 0x000000070e800000| Untracked 
| 117|0x000000070ea00000, 0x000000070ec00000, 0x000000070ec00000|100%| O|  |TAMS 0x000000070ec00000, 0x000000070ea00000| Untracked 
| 118|0x000000070ec00000, 0x000000070ee00000, 0x000000070ee00000|100%| O|  |TAMS 0x000000070ee00000, 0x000000070ec00000| Untracked 
| 119|0x000000070ee00000, 0x000000070f000000, 0x000000070f000000|100%| O|  |TAMS 0x000000070f000000, 0x000000070ee00000| Untracked 
| 120|0x000000070f000000, 0x000000070f200000, 0x000000070f200000|100%| O|  |TAMS 0x000000070f200000, 0x000000070f000000| Untracked 
| 121|0x000000070f200000, 0x000000070f400000, 0x000000070f400000|100%| O|  |TAMS 0x000000070f400000, 0x000000070f200000| Untracked 
| 122|0x000000070f400000, 0x000000070f600000, 0x000000070f600000|100%| O|  |TAMS 0x000000070f600000, 0x000000070f400000| Untracked 
| 123|0x000000070f600000, 0x000000070f800000, 0x000000070f800000|100%| O|  |TAMS 0x000000070f800000, 0x000000070f600000| Untracked 
| 124|0x000000070f800000, 0x000000070fa00000, 0x000000070fa00000|100%| O|  |TAMS 0x000000070fa00000, 0x000000070f800000| Untracked 
| 125|0x000000070fa00000, 0x000000070fc00000, 0x000000070fc00000|100%| O|  |TAMS 0x000000070fc00000, 0x000000070fa00000| Untracked 
| 126|0x000000070fc00000, 0x000000070fe00000, 0x000000070fe00000|100%| O|  |TAMS 0x000000070fe00000, 0x000000070fc00000| Untracked 
| 127|0x000000070fe00000, 0x0000000710000000, 0x0000000710000000|100%| O|  |TAMS 0x0000000710000000, 0x000000070fe00000| Untracked 
| 128|0x0000000710000000, 0x0000000710200000, 0x0000000710200000|100%| O|  |TAMS 0x0000000710200000, 0x0000000710000000| Untracked 
| 129|0x0000000710200000, 0x0000000710400000, 0x0000000710400000|100%|HS|  |TAMS 0x0000000710400000, 0x0000000710200000| Complete 
| 130|0x0000000710400000, 0x0000000710600000, 0x0000000710600000|100%|HS|  |TAMS 0x0000000710600000, 0x0000000710400000| Complete 
| 131|0x0000000710600000, 0x0000000710800000, 0x0000000710800000|100%|HC|  |TAMS 0x0000000710800000, 0x0000000710600000| Complete 
| 132|0x0000000710800000, 0x0000000710a00000, 0x0000000710a00000|100%|HS|  |TAMS 0x0000000710a00000, 0x0000000710800000| Complete 
| 133|0x0000000710a00000, 0x0000000710c00000, 0x0000000710c00000|100%|HS|  |TAMS 0x0000000710c00000, 0x0000000710a00000| Complete 
| 134|0x0000000710c00000, 0x0000000710e00000, 0x0000000710e00000|100%|HC|  |TAMS 0x0000000710e00000, 0x0000000710c00000| Complete 
| 135|0x0000000710e00000, 0x0000000711000000, 0x0000000711000000|100%|HC|  |TAMS 0x0000000711000000, 0x0000000710e00000| Complete 
| 136|0x0000000711000000, 0x0000000711200000, 0x0000000711200000|100%|HC|  |TAMS 0x0000000711200000, 0x0000000711000000| Complete 
| 137|0x0000000711200000, 0x0000000711400000, 0x0000000711400000|100%|HC|  |TAMS 0x0000000711400000, 0x0000000711200000| Complete 
| 138|0x0000000711400000, 0x0000000711600000, 0x0000000711600000|100%|HC|  |TAMS 0x0000000711600000, 0x0000000711400000| Complete 
| 139|0x0000000711600000, 0x0000000711800000, 0x0000000711800000|100%|HS|  |TAMS 0x0000000711800000, 0x0000000711600000| Complete 
| 140|0x0000000711800000, 0x0000000711a00000, 0x0000000711a00000|100%| O|  |TAMS 0x0000000711a00000, 0x0000000711800000| Untracked 
| 141|0x0000000711a00000, 0x0000000711c00000, 0x0000000711c00000|100%| O|  |TAMS 0x0000000711c00000, 0x0000000711a00000| Untracked 
| 142|0x0000000711c00000, 0x0000000711e00000, 0x0000000711e00000|100%| O|  |TAMS 0x0000000711e00000, 0x0000000711c00000| Untracked 
| 143|0x0000000711e00000, 0x0000000712000000, 0x0000000712000000|100%| O|  |TAMS 0x0000000712000000, 0x0000000711e00000| Untracked 
| 144|0x0000000712000000, 0x0000000712200000, 0x0000000712200000|100%| O|  |TAMS 0x0000000712200000, 0x0000000712000000| Untracked 
| 145|0x0000000712200000, 0x0000000712400000, 0x0000000712400000|100%| O|  |TAMS 0x0000000712400000, 0x0000000712200000| Untracked 
| 146|0x0000000712400000, 0x0000000712600000, 0x0000000712600000|100%| O|  |TAMS 0x0000000712600000, 0x0000000712400000| Untracked 
| 147|0x0000000712600000, 0x0000000712800000, 0x0000000712800000|100%| O|  |TAMS 0x0000000712800000, 0x0000000712600000| Untracked 
| 148|0x0000000712800000, 0x0000000712a00000, 0x0000000712a00000|100%| O|  |TAMS 0x0000000712a00000, 0x0000000712800000| Untracked 
| 149|0x0000000712a00000, 0x0000000712c00000, 0x0000000712c00000|100%| O|  |TAMS 0x0000000712c00000, 0x0000000712a00000| Untracked 
| 150|0x0000000712c00000, 0x0000000712e00000, 0x0000000712e00000|100%| O|  |TAMS 0x0000000712e00000, 0x0000000712c00000| Untracked 
| 151|0x0000000712e00000, 0x0000000713000000, 0x0000000713000000|100%| O|  |TAMS 0x0000000713000000, 0x0000000712e00000| Untracked 
| 152|0x0000000713000000, 0x0000000713200000, 0x0000000713200000|100%| O|  |TAMS 0x0000000713200000, 0x0000000713000000| Untracked 
| 153|0x0000000713200000, 0x0000000713400000, 0x0000000713400000|100%| O|  |TAMS 0x0000000713400000, 0x0000000713200000| Untracked 
| 154|0x0000000713400000, 0x0000000713600000, 0x0000000713600000|100%| O|  |TAMS 0x0000000713600000, 0x0000000713400000| Untracked 
| 155|0x0000000713600000, 0x0000000713800000, 0x0000000713800000|100%| O|  |TAMS 0x0000000713800000, 0x0000000713600000| Untracked 
| 156|0x0000000713800000, 0x0000000713a00000, 0x0000000713a00000|100%| O|  |TAMS 0x0000000713a00000, 0x0000000713800000| Untracked 
| 157|0x0000000713a00000, 0x0000000713c00000, 0x0000000713c00000|100%| O|  |TAMS 0x0000000713c00000, 0x0000000713a00000| Untracked 
| 158|0x0000000713c00000, 0x0000000713e00000, 0x0000000713e00000|100%| O|  |TAMS 0x0000000713e00000, 0x0000000713c00000| Untracked 
| 159|0x0000000713e00000, 0x0000000714000000, 0x0000000714000000|100%| O|  |TAMS 0x0000000714000000, 0x0000000713e00000| Untracked 
| 160|0x0000000714000000, 0x0000000714200000, 0x0000000714200000|100%| O|  |TAMS 0x0000000714200000, 0x0000000714000000| Untracked 
| 161|0x0000000714200000, 0x0000000714400000, 0x0000000714400000|100%| O|  |TAMS 0x0000000714400000, 0x0000000714200000| Untracked 
| 162|0x0000000714400000, 0x0000000714600000, 0x0000000714600000|100%| O|  |TAMS 0x0000000714400000, 0x0000000714400000| Untracked 
| 163|0x0000000714600000, 0x0000000714800000, 0x0000000714800000|100%| O|  |TAMS 0x0000000714800000, 0x0000000714600000| Untracked 
| 164|0x0000000714800000, 0x0000000714a00000, 0x0000000714a00000|100%| O|  |TAMS 0x0000000714a00000, 0x0000000714800000| Untracked 
| 165|0x0000000714a00000, 0x0000000714c00000, 0x0000000714c00000|100%| O|  |TAMS 0x0000000714c00000, 0x0000000714a00000| Untracked 
| 166|0x0000000714c00000, 0x0000000714e00000, 0x0000000714e00000|100%| O|  |TAMS 0x0000000714e00000, 0x0000000714c00000| Untracked 
| 167|0x0000000714e00000, 0x0000000715000000, 0x0000000715000000|100%| O|  |TAMS 0x0000000715000000, 0x0000000714e00000| Untracked 
| 168|0x0000000715000000, 0x0000000715200000, 0x0000000715200000|100%| O|  |TAMS 0x0000000715200000, 0x0000000715000000| Untracked 
| 169|0x0000000715200000, 0x0000000715400000, 0x0000000715400000|100%| O|  |TAMS 0x0000000715400000, 0x0000000715200000| Untracked 
| 170|0x0000000715400000, 0x0000000715600000, 0x0000000715600000|100%| O|  |TAMS 0x0000000715600000, 0x0000000715400000| Untracked 
| 171|0x0000000715600000, 0x0000000715800000, 0x0000000715800000|100%| O|  |TAMS 0x0000000715800000, 0x0000000715600000| Untracked 
| 172|0x0000000715800000, 0x0000000715a00000, 0x0000000715a00000|100%| O|  |TAMS 0x0000000715a00000, 0x0000000715800000| Untracked 
| 173|0x0000000715a00000, 0x0000000715c00000, 0x0000000715c00000|100%| O|  |TAMS 0x0000000715c00000, 0x0000000715a00000| Untracked 
| 174|0x0000000715c00000, 0x0000000715e00000, 0x0000000715e00000|100%| O|  |TAMS 0x0000000715e00000, 0x0000000715c00000| Untracked 
| 175|0x0000000715e00000, 0x0000000716000000, 0x0000000716000000|100%| O|  |TAMS 0x0000000716000000, 0x0000000715e00000| Untracked 
| 176|0x0000000716000000, 0x0000000716200000, 0x0000000716200000|100%| O|  |TAMS 0x0000000716200000, 0x0000000716000000| Untracked 
| 177|0x0000000716200000, 0x0000000716400000, 0x0000000716400000|100%| O|  |TAMS 0x0000000716400000, 0x0000000716200000| Untracked 
| 178|0x0000000716400000, 0x0000000716600000, 0x0000000716600000|100%| O|  |TAMS 0x0000000716600000, 0x0000000716400000| Untracked 
| 179|0x0000000716600000, 0x0000000716800000, 0x0000000716800000|100%| O|  |TAMS 0x0000000716800000, 0x0000000716600000| Untracked 
| 180|0x0000000716800000, 0x0000000716a00000, 0x0000000716a00000|100%| O|  |TAMS 0x0000000716a00000, 0x0000000716800000| Untracked 
| 181|0x0000000716a00000, 0x0000000716c00000, 0x0000000716c00000|100%| O|  |TAMS 0x0000000716c00000, 0x0000000716a00000| Untracked 
| 182|0x0000000716c00000, 0x0000000716e00000, 0x0000000716e00000|100%| O|  |TAMS 0x0000000716e00000, 0x0000000716c00000| Untracked 
| 183|0x0000000716e00000, 0x0000000717000000, 0x0000000717000000|100%| O|  |TAMS 0x0000000717000000, 0x0000000716e00000| Untracked 
| 184|0x0000000717000000, 0x0000000717200000, 0x0000000717200000|100%| O|  |TAMS 0x0000000717200000, 0x0000000717000000| Untracked 
| 185|0x0000000717200000, 0x0000000717400000, 0x0000000717400000|100%| O|  |TAMS 0x0000000717400000, 0x0000000717200000| Untracked 
| 186|0x0000000717400000, 0x0000000717600000, 0x0000000717600000|100%| O|  |TAMS 0x0000000717600000, 0x0000000717400000| Untracked 
| 187|0x0000000717600000, 0x0000000717800000, 0x0000000717800000|100%| O|  |TAMS 0x0000000717800000, 0x0000000717600000| Untracked 
| 188|0x0000000717800000, 0x0000000717a00000, 0x0000000717a00000|100%| O|  |TAMS 0x0000000717a00000, 0x0000000717800000| Untracked 
| 189|0x0000000717a00000, 0x0000000717c00000, 0x0000000717c00000|100%| O|  |TAMS 0x0000000717c00000, 0x0000000717a00000| Untracked 
| 190|0x0000000717c00000, 0x0000000717e00000, 0x0000000717e00000|100%| O|  |TAMS 0x0000000717e00000, 0x0000000717c00000| Untracked 
| 191|0x0000000717e00000, 0x0000000718000000, 0x0000000718000000|100%| O|  |TAMS 0x0000000718000000, 0x0000000717e00000| Untracked 
| 192|0x0000000718000000, 0x0000000718200000, 0x0000000718200000|100%| O|  |TAMS 0x0000000718200000, 0x0000000718000000| Untracked 
| 193|0x0000000718200000, 0x0000000718400000, 0x0000000718400000|100%| O|  |TAMS 0x0000000718200000, 0x0000000718200000| Untracked 
| 194|0x0000000718400000, 0x0000000718600000, 0x0000000718600000|100%| O|  |TAMS 0x0000000718600000, 0x0000000718400000| Untracked 
| 195|0x0000000718600000, 0x0000000718800000, 0x0000000718800000|100%| O|  |TAMS 0x0000000718800000, 0x0000000718600000| Untracked 
| 196|0x0000000718800000, 0x0000000718a00000, 0x0000000718a00000|100%| O|  |TAMS 0x0000000718a00000, 0x0000000718800000| Untracked 
| 197|0x0000000718a00000, 0x0000000718c00000, 0x0000000718c00000|100%| O|  |TAMS 0x0000000718c00000, 0x0000000718a00000| Untracked 
| 198|0x0000000718c00000, 0x0000000718e00000, 0x0000000718e00000|100%| O|  |TAMS 0x0000000718e00000, 0x0000000718c00000| Untracked 
| 199|0x0000000718e00000, 0x0000000719000000, 0x0000000719000000|100%| O|  |TAMS 0x0000000719000000, 0x0000000718e00000| Untracked 
| 200|0x0000000719000000, 0x0000000719200000, 0x0000000719200000|100%| O|  |TAMS 0x0000000719200000, 0x0000000719000000| Untracked 
| 201|0x0000000719200000, 0x0000000719400000, 0x0000000719400000|100%| O|  |TAMS 0x0000000719400000, 0x0000000719200000| Untracked 
| 202|0x0000000719400000, 0x0000000719600000, 0x0000000719600000|100%| O|  |TAMS 0x0000000719600000, 0x0000000719400000| Untracked 
| 203|0x0000000719600000, 0x0000000719800000, 0x0000000719800000|100%| O|  |TAMS 0x0000000719800000, 0x0000000719600000| Untracked 
| 204|0x0000000719800000, 0x0000000719a00000, 0x0000000719a00000|100%| O|  |TAMS 0x0000000719a00000, 0x0000000719800000| Untracked 
| 205|0x0000000719a00000, 0x0000000719c00000, 0x0000000719c00000|100%| O|  |TAMS 0x0000000719a00000, 0x0000000719a00000| Untracked 
| 206|0x0000000719c00000, 0x0000000719e00000, 0x0000000719e00000|100%| O|  |TAMS 0x0000000719c00000, 0x0000000719c00000| Untracked 
| 207|0x0000000719e00000, 0x000000071a000000, 0x000000071a000000|100%| O|  |TAMS 0x0000000719e00000, 0x0000000719e00000| Untracked 
| 208|0x000000071a000000, 0x000000071a200000, 0x000000071a200000|100%| O|  |TAMS 0x000000071a000000, 0x000000071a000000| Untracked 
| 209|0x000000071a200000, 0x000000071a400000, 0x000000071a400000|100%| O|  |TAMS 0x000000071a200000, 0x000000071a200000| Untracked 
| 210|0x000000071a400000, 0x000000071a600000, 0x000000071a600000|100%| O|  |TAMS 0x000000071a400000, 0x000000071a400000| Untracked 
| 211|0x000000071a600000, 0x000000071a800000, 0x000000071a800000|100%| O|  |TAMS 0x000000071a600000, 0x000000071a600000| Untracked 
| 212|0x000000071a800000, 0x000000071aa00000, 0x000000071aa00000|100%| O|  |TAMS 0x000000071a800000, 0x000000071a800000| Untracked 
| 213|0x000000071aa00000, 0x000000071ac00000, 0x000000071ac00000|100%| O|  |TAMS 0x000000071aa00000, 0x000000071aa00000| Untracked 
| 214|0x000000071ac00000, 0x000000071ae00000, 0x000000071ae00000|100%| O|  |TAMS 0x000000071ac00000, 0x000000071ac00000| Untracked 
| 215|0x000000071ae00000, 0x000000071b000000, 0x000000071b000000|100%| O|  |TAMS 0x000000071ae00000, 0x000000071ae00000| Untracked 
| 216|0x000000071b000000, 0x000000071b200000, 0x000000071b200000|100%| O|  |TAMS 0x000000071b000000, 0x000000071b000000| Untracked 
| 217|0x000000071b200000, 0x000000071b400000, 0x000000071b400000|100%| O|  |TAMS 0x000000071b200000, 0x000000071b200000| Untracked 
| 218|0x000000071b400000, 0x000000071b600000, 0x000000071b600000|100%| O|  |TAMS 0x000000071b400000, 0x000000071b400000| Untracked 
| 219|0x000000071b600000, 0x000000071b800000, 0x000000071b800000|100%| O|  |TAMS 0x000000071b600000, 0x000000071b600000| Untracked 
| 220|0x000000071b800000, 0x000000071ba00000, 0x000000071ba00000|100%| O|  |TAMS 0x000000071b800000, 0x000000071b800000| Untracked 
| 221|0x000000071ba00000, 0x000000071bc00000, 0x000000071bc00000|100%| O|  |TAMS 0x000000071ba00000, 0x000000071ba00000| Untracked 
| 222|0x000000071bc00000, 0x000000071be00000, 0x000000071be00000|100%| O|  |TAMS 0x000000071bc00000, 0x000000071bc00000| Untracked 
| 223|0x000000071be00000, 0x000000071c000000, 0x000000071c000000|100%| O|  |TAMS 0x000000071be00000, 0x000000071be00000| Untracked 
| 224|0x000000071c000000, 0x000000071c200000, 0x000000071c200000|100%| O|  |TAMS 0x000000071c000000, 0x000000071c000000| Untracked 
| 225|0x000000071c200000, 0x000000071c400000, 0x000000071c400000|100%| O|  |TAMS 0x000000071c200000, 0x000000071c200000| Untracked 
| 226|0x000000071c400000, 0x000000071c600000, 0x000000071c600000|100%| O|  |TAMS 0x000000071c400000, 0x000000071c400000| Untracked 
| 227|0x000000071c600000, 0x000000071c800000, 0x000000071c800000|100%| O|  |TAMS 0x000000071c600000, 0x000000071c600000| Untracked 
| 228|0x000000071c800000, 0x000000071ca00000, 0x000000071ca00000|100%| O|  |TAMS 0x000000071c800000, 0x000000071c800000| Untracked 
| 229|0x000000071ca00000, 0x000000071cc00000, 0x000000071cc00000|100%| O|  |TAMS 0x000000071ca00000, 0x000000071ca00000| Untracked 
| 230|0x000000071cc00000, 0x000000071ce00000, 0x000000071ce00000|100%| O|  |TAMS 0x000000071cc00000, 0x000000071cc00000| Untracked 
| 231|0x000000071ce00000, 0x000000071d000000, 0x000000071d000000|100%| O|  |TAMS 0x000000071ce00000, 0x000000071ce00000| Untracked 
| 232|0x000000071d000000, 0x000000071d200000, 0x000000071d200000|100%| O|  |TAMS 0x000000071d000000, 0x000000071d000000| Untracked 
| 233|0x000000071d200000, 0x000000071d400000, 0x000000071d400000|100%| O|  |TAMS 0x000000071d200000, 0x000000071d200000| Untracked 
| 234|0x000000071d400000, 0x000000071d600000, 0x000000071d600000|100%| O|  |TAMS 0x000000071d400000, 0x000000071d400000| Untracked 
| 235|0x000000071d600000, 0x000000071d800000, 0x000000071d800000|100%| O|  |TAMS 0x000000071d600000, 0x000000071d600000| Untracked 
| 236|0x000000071d800000, 0x000000071da00000, 0x000000071da00000|100%| O|  |TAMS 0x000000071d800000, 0x000000071d800000| Untracked 
| 237|0x000000071da00000, 0x000000071dc00000, 0x000000071dc00000|100%| O|  |TAMS 0x000000071da00000, 0x000000071da00000| Untracked 
| 238|0x000000071dc00000, 0x000000071de00000, 0x000000071de00000|100%| O|  |TAMS 0x000000071dc00000, 0x000000071dc00000| Untracked 
| 239|0x000000071de00000, 0x000000071e000000, 0x000000071e000000|100%| O|  |TAMS 0x000000071de00000, 0x000000071de00000| Untracked 
| 240|0x000000071e000000, 0x000000071e200000, 0x000000071e200000|100%| O|  |TAMS 0x000000071e000000, 0x000000071e000000| Untracked 
| 241|0x000000071e200000, 0x000000071e400000, 0x000000071e400000|100%| O|  |TAMS 0x000000071e200000, 0x000000071e200000| Untracked 
| 242|0x000000071e400000, 0x000000071e600000, 0x000000071e600000|100%| O|  |TAMS 0x000000071e400000, 0x000000071e400000| Untracked 
| 243|0x000000071e600000, 0x000000071e800000, 0x000000071e800000|100%| O|  |TAMS 0x000000071e600000, 0x000000071e600000| Untracked 
| 244|0x000000071e800000, 0x000000071ea00000, 0x000000071ea00000|100%| O|  |TAMS 0x000000071e800000, 0x000000071e800000| Untracked 
| 245|0x000000071ea00000, 0x000000071ec00000, 0x000000071ec00000|100%| O|  |TAMS 0x000000071ea00000, 0x000000071ea00000| Untracked 
| 246|0x000000071ec00000, 0x000000071ee00000, 0x000000071ee00000|100%| O|  |TAMS 0x000000071ec00000, 0x000000071ec00000| Untracked 
| 247|0x000000071ee00000, 0x000000071f000000, 0x000000071f000000|100%| O|  |TAMS 0x000000071ee00000, 0x000000071ee00000| Untracked 
| 248|0x000000071f000000, 0x000000071f200000, 0x000000071f200000|100%| O|  |TAMS 0x000000071f000000, 0x000000071f000000| Untracked 
| 249|0x000000071f200000, 0x000000071f400000, 0x000000071f400000|100%| O|  |TAMS 0x000000071f200000, 0x000000071f200000| Untracked 
| 250|0x000000071f400000, 0x000000071f600000, 0x000000071f600000|100%| O|  |TAMS 0x000000071f400000, 0x000000071f400000| Untracked 
| 251|0x000000071f600000, 0x000000071f800000, 0x000000071f800000|100%| O|  |TAMS 0x000000071f600000, 0x000000071f600000| Untracked 
| 252|0x000000071f800000, 0x000000071fa00000, 0x000000071fa00000|100%| O|  |TAMS 0x000000071f800000, 0x000000071f800000| Untracked 
| 253|0x000000071fa00000, 0x000000071fc00000, 0x000000071fc00000|100%| O|  |TAMS 0x000000071fa00000, 0x000000071fa00000| Untracked 
| 254|0x000000071fc00000, 0x000000071fe00000, 0x000000071fe00000|100%| O|  |TAMS 0x000000071fc00000, 0x000000071fc00000| Untracked 
| 255|0x000000071fe00000, 0x0000000720000000, 0x0000000720000000|100%| O|  |TAMS 0x000000071fe00000, 0x000000071fe00000| Untracked 
| 256|0x0000000720000000, 0x0000000720200000, 0x0000000720200000|100%| O|  |TAMS 0x0000000720000000, 0x0000000720000000| Untracked 
| 257|0x0000000720200000, 0x0000000720400000, 0x0000000720400000|100%| O|  |TAMS 0x0000000720200000, 0x0000000720200000| Untracked 
| 258|0x0000000720400000, 0x0000000720600000, 0x0000000720600000|100%| O|  |TAMS 0x0000000720400000, 0x0000000720400000| Untracked 
| 259|0x0000000720600000, 0x0000000720800000, 0x0000000720800000|100%| O|  |TAMS 0x0000000720600000, 0x0000000720600000| Untracked 
| 260|0x0000000720800000, 0x0000000720a00000, 0x0000000720a00000|100%| O|  |TAMS 0x0000000720800000, 0x0000000720800000| Untracked 
| 261|0x0000000720a00000, 0x0000000720c00000, 0x0000000720c00000|100%| O|  |TAMS 0x0000000720a00000, 0x0000000720a00000| Untracked 
| 262|0x0000000720c00000, 0x0000000720e00000, 0x0000000720e00000|100%| O|  |TAMS 0x0000000720c00000, 0x0000000720c00000| Untracked 
| 263|0x0000000720e00000, 0x0000000721000000, 0x0000000721000000|100%| O|  |TAMS 0x0000000720e00000, 0x0000000720e00000| Untracked 
| 264|0x0000000721000000, 0x0000000721200000, 0x0000000721200000|100%| O|  |TAMS 0x0000000721000000, 0x0000000721000000| Untracked 
| 265|0x0000000721200000, 0x0000000721400000, 0x0000000721400000|100%| O|  |TAMS 0x0000000721200000, 0x0000000721200000| Untracked 
| 266|0x0000000721400000, 0x0000000721600000, 0x0000000721600000|100%| O|  |TAMS 0x0000000721400000, 0x0000000721400000| Untracked 
| 267|0x0000000721600000, 0x0000000721800000, 0x0000000721800000|100%| O|  |TAMS 0x0000000721600000, 0x0000000721600000| Untracked 
| 268|0x0000000721800000, 0x0000000721a00000, 0x0000000721a00000|100%| O|  |TAMS 0x0000000721800000, 0x0000000721800000| Untracked 
| 269|0x0000000721a00000, 0x0000000721c00000, 0x0000000721c00000|100%| O|  |TAMS 0x0000000721a00000, 0x0000000721a00000| Untracked 
| 270|0x0000000721c00000, 0x0000000721e00000, 0x0000000721e00000|100%| O|  |TAMS 0x0000000721c00000, 0x0000000721c00000| Untracked 
| 271|0x0000000721e00000, 0x0000000722000000, 0x0000000722000000|100%| O|  |TAMS 0x0000000721e00000, 0x0000000721e00000| Untracked 
| 272|0x0000000722000000, 0x0000000722200000, 0x0000000722200000|100%| O|  |TAMS 0x0000000722000000, 0x0000000722000000| Untracked 
| 273|0x0000000722200000, 0x0000000722400000, 0x0000000722400000|100%| O|  |TAMS 0x0000000722200000, 0x0000000722200000| Untracked 
| 274|0x0000000722400000, 0x0000000722600000, 0x0000000722600000|100%| O|  |TAMS 0x0000000722400000, 0x0000000722400000| Untracked 
| 275|0x0000000722600000, 0x0000000722800000, 0x0000000722800000|100%| O|  |TAMS 0x0000000722600000, 0x0000000722600000| Untracked 
| 276|0x0000000722800000, 0x0000000722a00000, 0x0000000722a00000|100%| O|  |TAMS 0x0000000722800000, 0x0000000722800000| Untracked 
| 277|0x0000000722a00000, 0x0000000722c00000, 0x0000000722c00000|100%| O|  |TAMS 0x0000000722a00000, 0x0000000722a00000| Untracked 
| 278|0x0000000722c00000, 0x0000000722e00000, 0x0000000722e00000|100%| O|  |TAMS 0x0000000722c00000, 0x0000000722c00000| Untracked 
| 279|0x0000000722e00000, 0x0000000723000000, 0x0000000723000000|100%| O|  |TAMS 0x0000000722e00000, 0x0000000722e00000| Untracked 
| 280|0x0000000723000000, 0x0000000723200000, 0x0000000723200000|100%| O|  |TAMS 0x0000000723000000, 0x0000000723000000| Untracked 
| 281|0x0000000723200000, 0x0000000723400000, 0x0000000723400000|100%| O|  |TAMS 0x0000000723200000, 0x0000000723200000| Untracked 
| 282|0x0000000723400000, 0x0000000723600000, 0x0000000723600000|100%| O|  |TAMS 0x0000000723400000, 0x0000000723400000| Untracked 
| 283|0x0000000723600000, 0x0000000723800000, 0x0000000723800000|100%| O|  |TAMS 0x0000000723600000, 0x0000000723600000| Untracked 
| 284|0x0000000723800000, 0x0000000723a00000, 0x0000000723a00000|100%| O|  |TAMS 0x0000000723800000, 0x0000000723800000| Untracked 
| 285|0x0000000723a00000, 0x0000000723c00000, 0x0000000723c00000|100%| O|  |TAMS 0x0000000723a00000, 0x0000000723a00000| Untracked 
| 286|0x0000000723c00000, 0x0000000723e00000, 0x0000000723e00000|100%| O|  |TAMS 0x0000000723c00000, 0x0000000723c00000| Untracked 
| 287|0x0000000723e00000, 0x0000000724000000, 0x0000000724000000|100%| O|  |TAMS 0x0000000723e00000, 0x0000000723e00000| Untracked 
| 288|0x0000000724000000, 0x0000000724200000, 0x0000000724200000|100%| O|  |TAMS 0x0000000724000000, 0x0000000724000000| Untracked 
| 289|0x0000000724200000, 0x0000000724400000, 0x0000000724400000|100%| O|  |TAMS 0x0000000724200000, 0x0000000724200000| Untracked 
| 290|0x0000000724400000, 0x0000000724600000, 0x0000000724600000|100%| O|  |TAMS 0x0000000724400000, 0x0000000724400000| Untracked 
| 291|0x0000000724600000, 0x0000000724800000, 0x0000000724800000|100%| O|  |TAMS 0x0000000724600000, 0x0000000724600000| Untracked 
| 292|0x0000000724800000, 0x0000000724a00000, 0x0000000724a00000|100%| O|  |TAMS 0x0000000724800000, 0x0000000724800000| Untracked 
| 293|0x0000000724a00000, 0x0000000724c00000, 0x0000000724c00000|100%| O|  |TAMS 0x0000000724a00000, 0x0000000724a00000| Untracked 
| 294|0x0000000724c00000, 0x0000000724e00000, 0x0000000724e00000|100%| O|  |TAMS 0x0000000724c00000, 0x0000000724c00000| Untracked 
| 295|0x0000000724e00000, 0x0000000725000000, 0x0000000725000000|100%| O|  |TAMS 0x0000000724e00000, 0x0000000724e00000| Untracked 
| 296|0x0000000725000000, 0x0000000725200000, 0x0000000725200000|100%| O|  |TAMS 0x0000000725000000, 0x0000000725000000| Untracked 
| 297|0x0000000725200000, 0x0000000725400000, 0x0000000725400000|100%| O|  |TAMS 0x0000000725200000, 0x0000000725200000| Untracked 
| 298|0x0000000725400000, 0x0000000725600000, 0x0000000725600000|100%| O|  |TAMS 0x0000000725400000, 0x0000000725400000| Untracked 
| 299|0x0000000725600000, 0x0000000725800000, 0x0000000725800000|100%| O|  |TAMS 0x0000000725600000, 0x0000000725600000| Untracked 
| 300|0x0000000725800000, 0x0000000725a00000, 0x0000000725a00000|100%| O|  |TAMS 0x0000000725800000, 0x0000000725800000| Untracked 
| 301|0x0000000725a00000, 0x0000000725a00000, 0x0000000725c00000|  0%| F|  |TAMS 0x0000000725a00000, 0x0000000725a00000| Untracked 
| 302|0x0000000725c00000, 0x0000000725c00000, 0x0000000725e00000|  0%| F|  |TAMS 0x0000000725c00000, 0x0000000725c00000| Untracked 
| 303|0x0000000725e00000, 0x0000000726000000, 0x0000000726000000|100%| O|  |TAMS 0x0000000725e00000, 0x0000000725e00000| Untracked 
| 304|0x0000000726000000, 0x0000000726200000, 0x0000000726200000|100%| O|  |TAMS 0x0000000726000000, 0x0000000726000000| Untracked 
| 305|0x0000000726200000, 0x0000000726400000, 0x0000000726400000|100%| O|  |TAMS 0x0000000726200000, 0x0000000726200000| Untracked 
| 306|0x0000000726400000, 0x0000000726600000, 0x0000000726600000|100%| O|  |TAMS 0x0000000726400000, 0x0000000726400000| Untracked 
| 307|0x0000000726600000, 0x0000000726800000, 0x0000000726800000|100%| O|  |TAMS 0x0000000726600000, 0x0000000726600000| Untracked 
| 308|0x0000000726800000, 0x0000000726a00000, 0x0000000726a00000|100%| O|  |TAMS 0x0000000726800000, 0x0000000726800000| Untracked 
| 309|0x0000000726a00000, 0x0000000726c00000, 0x0000000726c00000|100%| O|  |TAMS 0x0000000726a00000, 0x0000000726a00000| Untracked 
| 310|0x0000000726c00000, 0x0000000726e00000, 0x0000000726e00000|100%| O|  |TAMS 0x0000000726c00000, 0x0000000726c00000| Untracked 
| 311|0x0000000726e00000, 0x0000000727000000, 0x0000000727000000|100%| O|  |TAMS 0x0000000726e00000, 0x0000000726e00000| Untracked 
| 312|0x0000000727000000, 0x0000000727200000, 0x0000000727200000|100%| O|  |TAMS 0x0000000727000000, 0x0000000727000000| Untracked 
| 313|0x0000000727200000, 0x0000000727400000, 0x0000000727400000|100%| O|  |TAMS 0x0000000727200000, 0x0000000727200000| Untracked 
| 314|0x0000000727400000, 0x0000000727600000, 0x0000000727600000|100%| O|  |TAMS 0x0000000727400000, 0x0000000727400000| Untracked 
| 315|0x0000000727600000, 0x0000000727800000, 0x0000000727800000|100%| O|  |TAMS 0x0000000727600000, 0x0000000727600000| Untracked 
| 316|0x0000000727800000, 0x0000000727a00000, 0x0000000727a00000|100%| O|  |TAMS 0x0000000727800000, 0x0000000727800000| Untracked 
| 317|0x0000000727a00000, 0x0000000727c00000, 0x0000000727c00000|100%| O|  |TAMS 0x0000000727a00000, 0x0000000727a00000| Untracked 
| 318|0x0000000727c00000, 0x0000000727e00000, 0x0000000727e00000|100%| O|  |TAMS 0x0000000727c00000, 0x0000000727c00000| Untracked 
| 319|0x0000000727e00000, 0x0000000727e3b800, 0x0000000728000000| 11%| O|  |TAMS 0x0000000727e00000, 0x0000000727e00000| Untracked 
| 320|0x0000000728000000, 0x0000000728000000, 0x0000000728200000|  0%| F|  |TAMS 0x0000000728000000, 0x0000000728000000| Untracked 
| 321|0x0000000728200000, 0x0000000728200000, 0x0000000728400000|  0%| F|  |TAMS 0x0000000728200000, 0x0000000728200000| Untracked 
| 322|0x0000000728400000, 0x0000000728400000, 0x0000000728600000|  0%| F|  |TAMS 0x0000000728400000, 0x0000000728400000| Untracked 
| 323|0x0000000728600000, 0x0000000728600000, 0x0000000728800000|  0%| F|  |TAMS 0x0000000728600000, 0x0000000728600000| Untracked 
| 324|0x0000000728800000, 0x0000000728800000, 0x0000000728a00000|  0%| F|  |TAMS 0x0000000728800000, 0x0000000728800000| Untracked 
| 325|0x0000000728a00000, 0x0000000728a00000, 0x0000000728c00000|  0%| F|  |TAMS 0x0000000728a00000, 0x0000000728a00000| Untracked 
| 326|0x0000000728c00000, 0x0000000728c00000, 0x0000000728e00000|  0%| F|  |TAMS 0x0000000728c00000, 0x0000000728c00000| Untracked 
| 327|0x0000000728e00000, 0x0000000728e00000, 0x0000000729000000|  0%| F|  |TAMS 0x0000000728e00000, 0x0000000728e00000| Untracked 
| 328|0x0000000729000000, 0x0000000729000000, 0x0000000729200000|  0%| F|  |TAMS 0x0000000729000000, 0x0000000729000000| Untracked 
| 329|0x0000000729200000, 0x0000000729200000, 0x0000000729400000|  0%| F|  |TAMS 0x0000000729200000, 0x0000000729200000| Untracked 
| 330|0x0000000729400000, 0x0000000729400000, 0x0000000729600000|  0%| F|  |TAMS 0x0000000729400000, 0x0000000729400000| Untracked 
| 331|0x0000000729600000, 0x0000000729600000, 0x0000000729800000|  0%| F|  |TAMS 0x0000000729600000, 0x0000000729600000| Untracked 
| 332|0x0000000729800000, 0x0000000729800000, 0x0000000729a00000|  0%| F|  |TAMS 0x0000000729800000, 0x0000000729800000| Untracked 
| 333|0x0000000729a00000, 0x0000000729a00000, 0x0000000729c00000|  0%| F|  |TAMS 0x0000000729a00000, 0x0000000729a00000| Untracked 
| 334|0x0000000729c00000, 0x0000000729c00000, 0x0000000729e00000|  0%| F|  |TAMS 0x0000000729c00000, 0x0000000729c00000| Untracked 
| 335|0x0000000729e00000, 0x0000000729e00000, 0x000000072a000000|  0%| F|  |TAMS 0x0000000729e00000, 0x0000000729e00000| Untracked 
| 336|0x000000072a000000, 0x000000072a000000, 0x000000072a200000|  0%| F|  |TAMS 0x000000072a000000, 0x000000072a000000| Untracked 
| 337|0x000000072a200000, 0x000000072a200000, 0x000000072a400000|  0%| F|  |TAMS 0x000000072a200000, 0x000000072a200000| Untracked 
| 338|0x000000072a400000, 0x000000072a400000, 0x000000072a600000|  0%| F|  |TAMS 0x000000072a400000, 0x000000072a400000| Untracked 
| 339|0x000000072a600000, 0x000000072a600000, 0x000000072a800000|  0%| F|  |TAMS 0x000000072a600000, 0x000000072a600000| Untracked 
| 340|0x000000072a800000, 0x000000072a800000, 0x000000072aa00000|  0%| F|  |TAMS 0x000000072a800000, 0x000000072a800000| Untracked 
| 341|0x000000072aa00000, 0x000000072aa00000, 0x000000072ac00000|  0%| F|  |TAMS 0x000000072aa00000, 0x000000072aa00000| Untracked 
| 342|0x000000072ac00000, 0x000000072ac00000, 0x000000072ae00000|  0%| F|  |TAMS 0x000000072ac00000, 0x000000072ac00000| Untracked 
| 343|0x000000072ae00000, 0x000000072ae00000, 0x000000072b000000|  0%| F|  |TAMS 0x000000072ae00000, 0x000000072ae00000| Untracked 
| 344|0x000000072b000000, 0x000000072b000000, 0x000000072b200000|  0%| F|  |TAMS 0x000000072b000000, 0x000000072b000000| Untracked 
| 345|0x000000072b200000, 0x000000072b200000, 0x000000072b400000|  0%| F|  |TAMS 0x000000072b200000, 0x000000072b200000| Untracked 
| 346|0x000000072b400000, 0x000000072b400000, 0x000000072b600000|  0%| F|  |TAMS 0x000000072b400000, 0x000000072b400000| Untracked 
| 347|0x000000072b600000, 0x000000072b600000, 0x000000072b800000|  0%| F|  |TAMS 0x000000072b600000, 0x000000072b600000| Untracked 
| 348|0x000000072b800000, 0x000000072b800000, 0x000000072ba00000|  0%| F|  |TAMS 0x000000072b800000, 0x000000072b800000| Untracked 
| 349|0x000000072ba00000, 0x000000072ba00000, 0x000000072bc00000|  0%| F|  |TAMS 0x000000072ba00000, 0x000000072ba00000| Untracked 
| 350|0x000000072bc00000, 0x000000072bc00000, 0x000000072be00000|  0%| F|  |TAMS 0x000000072bc00000, 0x000000072bc00000| Untracked 
| 351|0x000000072be00000, 0x000000072be00000, 0x000000072c000000|  0%| F|  |TAMS 0x000000072be00000, 0x000000072be00000| Untracked 
| 352|0x000000072c000000, 0x000000072c000000, 0x000000072c200000|  0%| F|  |TAMS 0x000000072c000000, 0x000000072c000000| Untracked 
| 353|0x000000072c200000, 0x000000072c200000, 0x000000072c400000|  0%| F|  |TAMS 0x000000072c200000, 0x000000072c200000| Untracked 
| 354|0x000000072c400000, 0x000000072c400000, 0x000000072c600000|  0%| F|  |TAMS 0x000000072c400000, 0x000000072c400000| Untracked 
| 355|0x000000072c600000, 0x000000072c600000, 0x000000072c800000|  0%| F|  |TAMS 0x000000072c600000, 0x000000072c600000| Untracked 
| 356|0x000000072c800000, 0x000000072c800000, 0x000000072ca00000|  0%| F|  |TAMS 0x000000072c800000, 0x000000072c800000| Untracked 
| 357|0x000000072ca00000, 0x000000072ca00000, 0x000000072cc00000|  0%| F|  |TAMS 0x000000072ca00000, 0x000000072ca00000| Untracked 
| 358|0x000000072cc00000, 0x000000072cc00000, 0x000000072ce00000|  0%| F|  |TAMS 0x000000072cc00000, 0x000000072cc00000| Untracked 
| 359|0x000000072ce00000, 0x000000072ce00000, 0x000000072d000000|  0%| F|  |TAMS 0x000000072ce00000, 0x000000072ce00000| Untracked 
| 360|0x000000072d000000, 0x000000072d000000, 0x000000072d200000|  0%| F|  |TAMS 0x000000072d000000, 0x000000072d000000| Untracked 
| 361|0x000000072d200000, 0x000000072d200000, 0x000000072d400000|  0%| F|  |TAMS 0x000000072d200000, 0x000000072d200000| Untracked 
| 362|0x000000072d400000, 0x000000072d400000, 0x000000072d600000|  0%| F|  |TAMS 0x000000072d400000, 0x000000072d400000| Untracked 
| 363|0x000000072d600000, 0x000000072d600000, 0x000000072d800000|  0%| F|  |TAMS 0x000000072d600000, 0x000000072d600000| Untracked 
| 364|0x000000072d800000, 0x000000072d800000, 0x000000072da00000|  0%| F|  |TAMS 0x000000072d800000, 0x000000072d800000| Untracked 
| 365|0x000000072da00000, 0x000000072da00000, 0x000000072dc00000|  0%| F|  |TAMS 0x000000072da00000, 0x000000072da00000| Untracked 
| 366|0x000000072dc00000, 0x000000072dc00000, 0x000000072de00000|  0%| F|  |TAMS 0x000000072dc00000, 0x000000072dc00000| Untracked 
| 367|0x000000072de00000, 0x000000072de00000, 0x000000072e000000|  0%| F|  |TAMS 0x000000072de00000, 0x000000072de00000| Untracked 
| 368|0x000000072e000000, 0x000000072e000000, 0x000000072e200000|  0%| F|  |TAMS 0x000000072e000000, 0x000000072e000000| Untracked 
| 369|0x000000072e200000, 0x000000072e200000, 0x000000072e400000|  0%| F|  |TAMS 0x000000072e200000, 0x000000072e200000| Untracked 
| 370|0x000000072e400000, 0x000000072e400000, 0x000000072e600000|  0%| F|  |TAMS 0x000000072e400000, 0x000000072e400000| Untracked 
| 371|0x000000072e600000, 0x000000072e600000, 0x000000072e800000|  0%| F|  |TAMS 0x000000072e600000, 0x000000072e600000| Untracked 
| 372|0x000000072e800000, 0x000000072e800000, 0x000000072ea00000|  0%| F|  |TAMS 0x000000072e800000, 0x000000072e800000| Untracked 
| 373|0x000000072ea00000, 0x000000072ea00000, 0x000000072ec00000|  0%| F|  |TAMS 0x000000072ea00000, 0x000000072ea00000| Untracked 
| 374|0x000000072ec00000, 0x000000072ec00000, 0x000000072ee00000|  0%| F|  |TAMS 0x000000072ec00000, 0x000000072ec00000| Untracked 
| 375|0x000000072ee00000, 0x000000072ee00000, 0x000000072f000000|  0%| F|  |TAMS 0x000000072ee00000, 0x000000072ee00000| Untracked 
| 376|0x000000072f000000, 0x000000072f000000, 0x000000072f200000|  0%| F|  |TAMS 0x000000072f000000, 0x000000072f000000| Untracked 
| 377|0x000000072f200000, 0x000000072f200000, 0x000000072f400000|  0%| F|  |TAMS 0x000000072f200000, 0x000000072f200000| Untracked 
| 378|0x000000072f400000, 0x000000072f400000, 0x000000072f600000|  0%| F|  |TAMS 0x000000072f400000, 0x000000072f400000| Untracked 
| 379|0x000000072f600000, 0x000000072f600000, 0x000000072f800000|  0%| F|  |TAMS 0x000000072f600000, 0x000000072f600000| Untracked 
| 380|0x000000072f800000, 0x000000072f800000, 0x000000072fa00000|  0%| F|  |TAMS 0x000000072f800000, 0x000000072f800000| Untracked 
| 381|0x000000072fa00000, 0x000000072fa00000, 0x000000072fc00000|  0%| F|  |TAMS 0x000000072fa00000, 0x000000072fa00000| Untracked 
| 382|0x000000072fc00000, 0x000000072fc00000, 0x000000072fe00000|  0%| F|  |TAMS 0x000000072fc00000, 0x000000072fc00000| Untracked 
| 383|0x000000072fe00000, 0x000000072fe00000, 0x0000000730000000|  0%| F|  |TAMS 0x000000072fe00000, 0x000000072fe00000| Untracked 
| 384|0x0000000730000000, 0x0000000730000000, 0x0000000730200000|  0%| F|  |TAMS 0x0000000730000000, 0x0000000730000000| Untracked 
| 385|0x0000000730200000, 0x0000000730200000, 0x0000000730400000|  0%| F|  |TAMS 0x0000000730200000, 0x0000000730200000| Untracked 
| 386|0x0000000730400000, 0x0000000730400000, 0x0000000730600000|  0%| F|  |TAMS 0x0000000730400000, 0x0000000730400000| Untracked 
| 387|0x0000000730600000, 0x0000000730600000, 0x0000000730800000|  0%| F|  |TAMS 0x0000000730600000, 0x0000000730600000| Untracked 
| 388|0x0000000730800000, 0x0000000730800000, 0x0000000730a00000|  0%| F|  |TAMS 0x0000000730800000, 0x0000000730800000| Untracked 
| 389|0x0000000730a00000, 0x0000000730a00000, 0x0000000730c00000|  0%| F|  |TAMS 0x0000000730a00000, 0x0000000730a00000| Untracked 
| 390|0x0000000730c00000, 0x0000000730c00000, 0x0000000730e00000|  0%| F|  |TAMS 0x0000000730c00000, 0x0000000730c00000| Untracked 
| 391|0x0000000730e00000, 0x0000000730e00000, 0x0000000731000000|  0%| F|  |TAMS 0x0000000730e00000, 0x0000000730e00000| Untracked 
| 392|0x0000000731000000, 0x0000000731000000, 0x0000000731200000|  0%| F|  |TAMS 0x0000000731000000, 0x0000000731000000| Untracked 
| 393|0x0000000731200000, 0x0000000731200000, 0x0000000731400000|  0%| F|  |TAMS 0x0000000731200000, 0x0000000731200000| Untracked 
| 394|0x0000000731400000, 0x0000000731400000, 0x0000000731600000|  0%| F|  |TAMS 0x0000000731400000, 0x0000000731400000| Untracked 
| 395|0x0000000731600000, 0x0000000731600000, 0x0000000731800000|  0%| F|  |TAMS 0x0000000731600000, 0x0000000731600000| Untracked 
| 396|0x0000000731800000, 0x0000000731800000, 0x0000000731a00000|  0%| F|  |TAMS 0x0000000731800000, 0x0000000731800000| Untracked 
| 397|0x0000000731a00000, 0x0000000731a00000, 0x0000000731c00000|  0%| F|  |TAMS 0x0000000731a00000, 0x0000000731a00000| Untracked 
| 398|0x0000000731c00000, 0x0000000731c00000, 0x0000000731e00000|  0%| F|  |TAMS 0x0000000731c00000, 0x0000000731c00000| Untracked 
| 399|0x0000000731e00000, 0x0000000731e00000, 0x0000000732000000|  0%| F|  |TAMS 0x0000000731e00000, 0x0000000731e00000| Untracked 
| 400|0x0000000732000000, 0x0000000732000000, 0x0000000732200000|  0%| F|  |TAMS 0x0000000732000000, 0x0000000732000000| Untracked 
| 401|0x0000000732200000, 0x0000000732200000, 0x0000000732400000|  0%| F|  |TAMS 0x0000000732200000, 0x0000000732200000| Untracked 
| 402|0x0000000732400000, 0x0000000732400000, 0x0000000732600000|  0%| F|  |TAMS 0x0000000732400000, 0x0000000732400000| Untracked 
| 403|0x0000000732600000, 0x0000000732600000, 0x0000000732800000|  0%| F|  |TAMS 0x0000000732600000, 0x0000000732600000| Untracked 
| 404|0x0000000732800000, 0x0000000732800000, 0x0000000732a00000|  0%| F|  |TAMS 0x0000000732800000, 0x0000000732800000| Untracked 
| 405|0x0000000732a00000, 0x0000000732a00000, 0x0000000732c00000|  0%| F|  |TAMS 0x0000000732a00000, 0x0000000732a00000| Untracked 
| 406|0x0000000732c00000, 0x0000000732c00000, 0x0000000732e00000|  0%| F|  |TAMS 0x0000000732c00000, 0x0000000732c00000| Untracked 
| 407|0x0000000732e00000, 0x0000000732e00000, 0x0000000733000000|  0%| F|  |TAMS 0x0000000732e00000, 0x0000000732e00000| Untracked 
| 408|0x0000000733000000, 0x0000000733000000, 0x0000000733200000|  0%| F|  |TAMS 0x0000000733000000, 0x0000000733000000| Untracked 
| 409|0x0000000733200000, 0x0000000733200000, 0x0000000733400000|  0%| F|  |TAMS 0x0000000733200000, 0x0000000733200000| Untracked 
| 410|0x0000000733400000, 0x0000000733400000, 0x0000000733600000|  0%| F|  |TAMS 0x0000000733400000, 0x0000000733400000| Untracked 
| 411|0x0000000733600000, 0x0000000733600000, 0x0000000733800000|  0%| F|  |TAMS 0x0000000733600000, 0x0000000733600000| Untracked 
| 412|0x0000000733800000, 0x0000000733800000, 0x0000000733a00000|  0%| F|  |TAMS 0x0000000733800000, 0x0000000733800000| Untracked 
| 413|0x0000000733a00000, 0x0000000733a00000, 0x0000000733c00000|  0%| F|  |TAMS 0x0000000733a00000, 0x0000000733a00000| Untracked 
| 414|0x0000000733c00000, 0x0000000733c00000, 0x0000000733e00000|  0%| F|  |TAMS 0x0000000733c00000, 0x0000000733c00000| Untracked 
| 415|0x0000000733e00000, 0x0000000733e00000, 0x0000000734000000|  0%| F|  |TAMS 0x0000000733e00000, 0x0000000733e00000| Untracked 
| 416|0x0000000734000000, 0x0000000734000000, 0x0000000734200000|  0%| F|  |TAMS 0x0000000734000000, 0x0000000734000000| Untracked 
| 417|0x0000000734200000, 0x0000000734200000, 0x0000000734400000|  0%| F|  |TAMS 0x0000000734200000, 0x0000000734200000| Untracked 
| 418|0x0000000734400000, 0x0000000734400000, 0x0000000734600000|  0%| F|  |TAMS 0x0000000734400000, 0x0000000734400000| Untracked 
| 419|0x0000000734600000, 0x0000000734600000, 0x0000000734800000|  0%| F|  |TAMS 0x0000000734600000, 0x0000000734600000| Untracked 
| 420|0x0000000734800000, 0x0000000734800000, 0x0000000734a00000|  0%| F|  |TAMS 0x0000000734800000, 0x0000000734800000| Untracked 
| 421|0x0000000734a00000, 0x0000000734a00000, 0x0000000734c00000|  0%| F|  |TAMS 0x0000000734a00000, 0x0000000734a00000| Untracked 
| 422|0x0000000734c00000, 0x0000000734c00000, 0x0000000734e00000|  0%| F|  |TAMS 0x0000000734c00000, 0x0000000734c00000| Untracked 
| 423|0x0000000734e00000, 0x0000000734e00000, 0x0000000735000000|  0%| F|  |TAMS 0x0000000734e00000, 0x0000000734e00000| Untracked 
| 424|0x0000000735000000, 0x0000000735000000, 0x0000000735200000|  0%| F|  |TAMS 0x0000000735000000, 0x0000000735000000| Untracked 
| 425|0x0000000735200000, 0x0000000735200000, 0x0000000735400000|  0%| F|  |TAMS 0x0000000735200000, 0x0000000735200000| Untracked 
| 426|0x0000000735400000, 0x0000000735400000, 0x0000000735600000|  0%| F|  |TAMS 0x0000000735400000, 0x0000000735400000| Untracked 
| 427|0x0000000735600000, 0x0000000735600000, 0x0000000735800000|  0%| F|  |TAMS 0x0000000735600000, 0x0000000735600000| Untracked 
| 428|0x0000000735800000, 0x0000000735800000, 0x0000000735a00000|  0%| F|  |TAMS 0x0000000735800000, 0x0000000735800000| Untracked 
| 429|0x0000000735a00000, 0x0000000735a00000, 0x0000000735c00000|  0%| F|  |TAMS 0x0000000735a00000, 0x0000000735a00000| Untracked 
| 430|0x0000000735c00000, 0x0000000735c00000, 0x0000000735e00000|  0%| F|  |TAMS 0x0000000735c00000, 0x0000000735c00000| Untracked 
| 431|0x0000000735e00000, 0x0000000735e00000, 0x0000000736000000|  0%| F|  |TAMS 0x0000000735e00000, 0x0000000735e00000| Untracked 
| 432|0x0000000736000000, 0x0000000736000000, 0x0000000736200000|  0%| F|  |TAMS 0x0000000736000000, 0x0000000736000000| Untracked 
| 433|0x0000000736200000, 0x0000000736200000, 0x0000000736400000|  0%| F|  |TAMS 0x0000000736200000, 0x0000000736200000| Untracked 
| 434|0x0000000736400000, 0x0000000736400000, 0x0000000736600000|  0%| F|  |TAMS 0x0000000736400000, 0x0000000736400000| Untracked 
| 435|0x0000000736600000, 0x0000000736600000, 0x0000000736800000|  0%| F|  |TAMS 0x0000000736600000, 0x0000000736600000| Untracked 
| 436|0x0000000736800000, 0x0000000736800000, 0x0000000736a00000|  0%| F|  |TAMS 0x0000000736800000, 0x0000000736800000| Untracked 
| 437|0x0000000736a00000, 0x0000000736a00000, 0x0000000736c00000|  0%| F|  |TAMS 0x0000000736a00000, 0x0000000736a00000| Untracked 
| 438|0x0000000736c00000, 0x0000000736c00000, 0x0000000736e00000|  0%| F|  |TAMS 0x0000000736c00000, 0x0000000736c00000| Untracked 
| 439|0x0000000736e00000, 0x0000000736e00000, 0x0000000737000000|  0%| F|  |TAMS 0x0000000736e00000, 0x0000000736e00000| Untracked 
| 440|0x0000000737000000, 0x0000000737000000, 0x0000000737200000|  0%| F|  |TAMS 0x0000000737000000, 0x0000000737000000| Untracked 
| 441|0x0000000737200000, 0x0000000737200000, 0x0000000737400000|  0%| F|  |TAMS 0x0000000737200000, 0x0000000737200000| Untracked 
| 442|0x0000000737400000, 0x0000000737400000, 0x0000000737600000|  0%| F|  |TAMS 0x0000000737400000, 0x0000000737400000| Untracked 
| 443|0x0000000737600000, 0x0000000737600000, 0x0000000737800000|  0%| F|  |TAMS 0x0000000737600000, 0x0000000737600000| Untracked 
| 444|0x0000000737800000, 0x0000000737800000, 0x0000000737a00000|  0%| F|  |TAMS 0x0000000737800000, 0x0000000737800000| Untracked 
| 445|0x0000000737a00000, 0x0000000737a00000, 0x0000000737c00000|  0%| F|  |TAMS 0x0000000737a00000, 0x0000000737a00000| Untracked 
| 446|0x0000000737c00000, 0x0000000737c00000, 0x0000000737e00000|  0%| F|  |TAMS 0x0000000737c00000, 0x0000000737c00000| Untracked 
| 447|0x0000000737e00000, 0x0000000737e00000, 0x0000000738000000|  0%| F|  |TAMS 0x0000000737e00000, 0x0000000737e00000| Untracked 
| 448|0x0000000738000000, 0x0000000738000000, 0x0000000738200000|  0%| F|  |TAMS 0x0000000738000000, 0x0000000738000000| Untracked 
| 449|0x0000000738200000, 0x0000000738200000, 0x0000000738400000|  0%| F|  |TAMS 0x0000000738200000, 0x0000000738200000| Untracked 
| 450|0x0000000738400000, 0x0000000738400000, 0x0000000738600000|  0%| F|  |TAMS 0x0000000738400000, 0x0000000738400000| Untracked 
| 451|0x0000000738600000, 0x0000000738600000, 0x0000000738800000|  0%| F|  |TAMS 0x0000000738600000, 0x0000000738600000| Untracked 
| 452|0x0000000738800000, 0x0000000738800000, 0x0000000738a00000|  0%| F|  |TAMS 0x0000000738800000, 0x0000000738800000| Untracked 
| 453|0x0000000738a00000, 0x0000000738a00000, 0x0000000738c00000|  0%| F|  |TAMS 0x0000000738a00000, 0x0000000738a00000| Untracked 
| 454|0x0000000738c00000, 0x0000000738c00000, 0x0000000738e00000|  0%| F|  |TAMS 0x0000000738c00000, 0x0000000738c00000| Untracked 
| 455|0x0000000738e00000, 0x0000000738e00000, 0x0000000739000000|  0%| F|  |TAMS 0x0000000738e00000, 0x0000000738e00000| Untracked 
| 456|0x0000000739000000, 0x0000000739000000, 0x0000000739200000|  0%| F|  |TAMS 0x0000000739000000, 0x0000000739000000| Untracked 
| 457|0x0000000739200000, 0x0000000739200000, 0x0000000739400000|  0%| F|  |TAMS 0x0000000739200000, 0x0000000739200000| Untracked 
| 458|0x0000000739400000, 0x0000000739400000, 0x0000000739600000|  0%| F|  |TAMS 0x0000000739400000, 0x0000000739400000| Untracked 
| 459|0x0000000739600000, 0x0000000739600000, 0x0000000739800000|  0%| F|  |TAMS 0x0000000739600000, 0x0000000739600000| Untracked 
| 460|0x0000000739800000, 0x0000000739800000, 0x0000000739a00000|  0%| F|  |TAMS 0x0000000739800000, 0x0000000739800000| Untracked 
| 461|0x0000000739a00000, 0x0000000739a00000, 0x0000000739c00000|  0%| F|  |TAMS 0x0000000739a00000, 0x0000000739a00000| Untracked 
| 462|0x0000000739c00000, 0x0000000739c00000, 0x0000000739e00000|  0%| F|  |TAMS 0x0000000739c00000, 0x0000000739c00000| Untracked 
| 463|0x0000000739e00000, 0x0000000739e00000, 0x000000073a000000|  0%| F|  |TAMS 0x0000000739e00000, 0x0000000739e00000| Untracked 
| 464|0x000000073a000000, 0x000000073a000000, 0x000000073a200000|  0%| F|  |TAMS 0x000000073a000000, 0x000000073a000000| Untracked 
| 465|0x000000073a200000, 0x000000073a200000, 0x000000073a400000|  0%| F|  |TAMS 0x000000073a200000, 0x000000073a200000| Untracked 
| 466|0x000000073a400000, 0x000000073a400000, 0x000000073a600000|  0%| F|  |TAMS 0x000000073a400000, 0x000000073a400000| Untracked 
| 467|0x000000073a600000, 0x000000073a600000, 0x000000073a800000|  0%| F|  |TAMS 0x000000073a600000, 0x000000073a600000| Untracked 
| 468|0x000000073a800000, 0x000000073a800000, 0x000000073aa00000|  0%| F|  |TAMS 0x000000073a800000, 0x000000073a800000| Untracked 
| 469|0x000000073aa00000, 0x000000073aa00000, 0x000000073ac00000|  0%| F|  |TAMS 0x000000073aa00000, 0x000000073aa00000| Untracked 
| 470|0x000000073ac00000, 0x000000073ac00000, 0x000000073ae00000|  0%| F|  |TAMS 0x000000073ac00000, 0x000000073ac00000| Untracked 
| 471|0x000000073ae00000, 0x000000073ae00000, 0x000000073b000000|  0%| F|  |TAMS 0x000000073ae00000, 0x000000073ae00000| Untracked 
| 472|0x000000073b000000, 0x000000073b000000, 0x000000073b200000|  0%| F|  |TAMS 0x000000073b000000, 0x000000073b000000| Untracked 
| 473|0x000000073b200000, 0x000000073b200000, 0x000000073b400000|  0%| F|  |TAMS 0x000000073b200000, 0x000000073b200000| Untracked 
| 474|0x000000073b400000, 0x000000073b400000, 0x000000073b600000|  0%| F|  |TAMS 0x000000073b400000, 0x000000073b400000| Untracked 
| 475|0x000000073b600000, 0x000000073b600000, 0x000000073b800000|  0%| F|  |TAMS 0x000000073b600000, 0x000000073b600000| Untracked 
| 476|0x000000073b800000, 0x000000073b800000, 0x000000073ba00000|  0%| F|  |TAMS 0x000000073b800000, 0x000000073b800000| Untracked 
| 477|0x000000073ba00000, 0x000000073ba00000, 0x000000073bc00000|  0%| F|  |TAMS 0x000000073ba00000, 0x000000073ba00000| Untracked 
| 478|0x000000073bc00000, 0x000000073bc00000, 0x000000073be00000|  0%| F|  |TAMS 0x000000073bc00000, 0x000000073bc00000| Untracked 
| 479|0x000000073be00000, 0x000000073be00000, 0x000000073c000000|  0%| F|  |TAMS 0x000000073be00000, 0x000000073be00000| Untracked 
| 480|0x000000073c000000, 0x000000073c000000, 0x000000073c200000|  0%| F|  |TAMS 0x000000073c000000, 0x000000073c000000| Untracked 
| 481|0x000000073c200000, 0x000000073c200000, 0x000000073c400000|  0%| F|  |TAMS 0x000000073c200000, 0x000000073c200000| Untracked 
| 482|0x000000073c400000, 0x000000073c400000, 0x000000073c600000|  0%| F|  |TAMS 0x000000073c400000, 0x000000073c400000| Untracked 
| 483|0x000000073c600000, 0x000000073c600000, 0x000000073c800000|  0%| F|  |TAMS 0x000000073c600000, 0x000000073c600000| Untracked 
| 484|0x000000073c800000, 0x000000073c800000, 0x000000073ca00000|  0%| F|  |TAMS 0x000000073c800000, 0x000000073c800000| Untracked 
| 485|0x000000073ca00000, 0x000000073ca00000, 0x000000073cc00000|  0%| F|  |TAMS 0x000000073ca00000, 0x000000073ca00000| Untracked 
| 486|0x000000073cc00000, 0x000000073cc00000, 0x000000073ce00000|  0%| F|  |TAMS 0x000000073cc00000, 0x000000073cc00000| Untracked 
| 487|0x000000073ce00000, 0x000000073ce00000, 0x000000073d000000|  0%| F|  |TAMS 0x000000073ce00000, 0x000000073ce00000| Untracked 
| 488|0x000000073d000000, 0x000000073d000000, 0x000000073d200000|  0%| F|  |TAMS 0x000000073d000000, 0x000000073d000000| Untracked 
| 489|0x000000073d200000, 0x000000073d200000, 0x000000073d400000|  0%| F|  |TAMS 0x000000073d200000, 0x000000073d200000| Untracked 
| 490|0x000000073d400000, 0x000000073d400000, 0x000000073d600000|  0%| F|  |TAMS 0x000000073d400000, 0x000000073d400000| Untracked 
| 491|0x000000073d600000, 0x000000073d600000, 0x000000073d800000|  0%| F|  |TAMS 0x000000073d600000, 0x000000073d600000| Untracked 
| 492|0x000000073d800000, 0x000000073d800000, 0x000000073da00000|  0%| F|  |TAMS 0x000000073d800000, 0x000000073d800000| Untracked 
| 493|0x000000073da00000, 0x000000073da00000, 0x000000073dc00000|  0%| F|  |TAMS 0x000000073da00000, 0x000000073da00000| Untracked 
| 494|0x000000073dc00000, 0x000000073dc00000, 0x000000073de00000|  0%| F|  |TAMS 0x000000073dc00000, 0x000000073dc00000| Untracked 
| 495|0x000000073de00000, 0x000000073de00000, 0x000000073e000000|  0%| F|  |TAMS 0x000000073de00000, 0x000000073de00000| Untracked 
| 496|0x000000073e000000, 0x000000073e000000, 0x000000073e200000|  0%| F|  |TAMS 0x000000073e000000, 0x000000073e000000| Untracked 
| 497|0x000000073e200000, 0x000000073e200000, 0x000000073e400000|  0%| F|  |TAMS 0x000000073e200000, 0x000000073e200000| Untracked 
| 498|0x000000073e400000, 0x000000073e400000, 0x000000073e600000|  0%| F|  |TAMS 0x000000073e400000, 0x000000073e400000| Untracked 
| 499|0x000000073e600000, 0x000000073e600000, 0x000000073e800000|  0%| F|  |TAMS 0x000000073e600000, 0x000000073e600000| Untracked 
| 500|0x000000073e800000, 0x000000073e800000, 0x000000073ea00000|  0%| F|  |TAMS 0x000000073e800000, 0x000000073e800000| Untracked 
| 501|0x000000073ea00000, 0x000000073ea00000, 0x000000073ec00000|  0%| F|  |TAMS 0x000000073ea00000, 0x000000073ea00000| Untracked 
| 502|0x000000073ec00000, 0x000000073ec00000, 0x000000073ee00000|  0%| F|  |TAMS 0x000000073ec00000, 0x000000073ec00000| Untracked 
| 503|0x000000073ee00000, 0x000000073ee00000, 0x000000073f000000|  0%| F|  |TAMS 0x000000073ee00000, 0x000000073ee00000| Untracked 
| 504|0x000000073f000000, 0x000000073f000000, 0x000000073f200000|  0%| F|  |TAMS 0x000000073f000000, 0x000000073f000000| Untracked 
| 505|0x000000073f200000, 0x000000073f200000, 0x000000073f400000|  0%| F|  |TAMS 0x000000073f200000, 0x000000073f200000| Untracked 
| 506|0x000000073f400000, 0x000000073f400000, 0x000000073f600000|  0%| F|  |TAMS 0x000000073f400000, 0x000000073f400000| Untracked 
| 507|0x000000073f600000, 0x000000073f600000, 0x000000073f800000|  0%| F|  |TAMS 0x000000073f600000, 0x000000073f600000| Untracked 
| 508|0x000000073f800000, 0x000000073f800000, 0x000000073fa00000|  0%| F|  |TAMS 0x000000073f800000, 0x000000073f800000| Untracked 
| 509|0x000000073fa00000, 0x000000073fa00000, 0x000000073fc00000|  0%| F|  |TAMS 0x000000073fa00000, 0x000000073fa00000| Untracked 
| 510|0x000000073fc00000, 0x000000073fc00000, 0x000000073fe00000|  0%| F|  |TAMS 0x000000073fc00000, 0x000000073fc00000| Untracked 
| 511|0x000000073fe00000, 0x000000073fe00000, 0x0000000740000000|  0%| F|  |TAMS 0x000000073fe00000, 0x000000073fe00000| Untracked 
| 512|0x0000000740000000, 0x0000000740000000, 0x0000000740200000|  0%| F|  |TAMS 0x0000000740000000, 0x0000000740000000| Untracked 
| 513|0x0000000740200000, 0x0000000740200000, 0x0000000740400000|  0%| F|  |TAMS 0x0000000740200000, 0x0000000740200000| Untracked 
| 514|0x0000000740400000, 0x0000000740400000, 0x0000000740600000|  0%| F|  |TAMS 0x0000000740400000, 0x0000000740400000| Untracked 
| 515|0x0000000740600000, 0x0000000740600000, 0x0000000740800000|  0%| F|  |TAMS 0x0000000740600000, 0x0000000740600000| Untracked 
| 516|0x0000000740800000, 0x0000000740800000, 0x0000000740a00000|  0%| F|  |TAMS 0x0000000740800000, 0x0000000740800000| Untracked 
| 517|0x0000000740a00000, 0x0000000740a00000, 0x0000000740c00000|  0%| F|  |TAMS 0x0000000740a00000, 0x0000000740a00000| Untracked 
| 518|0x0000000740c00000, 0x0000000740c00000, 0x0000000740e00000|  0%| F|  |TAMS 0x0000000740c00000, 0x0000000740c00000| Untracked 
| 519|0x0000000740e00000, 0x0000000740e00000, 0x0000000741000000|  0%| F|  |TAMS 0x0000000740e00000, 0x0000000740e00000| Untracked 
| 520|0x0000000741000000, 0x0000000741000000, 0x0000000741200000|  0%| F|  |TAMS 0x0000000741000000, 0x0000000741000000| Untracked 
| 521|0x0000000741200000, 0x0000000741200000, 0x0000000741400000|  0%| F|  |TAMS 0x0000000741200000, 0x0000000741200000| Untracked 
| 522|0x0000000741400000, 0x0000000741400000, 0x0000000741600000|  0%| F|  |TAMS 0x0000000741400000, 0x0000000741400000| Untracked 
| 523|0x0000000741600000, 0x0000000741600000, 0x0000000741800000|  0%| F|  |TAMS 0x0000000741600000, 0x0000000741600000| Untracked 
| 524|0x0000000741800000, 0x0000000741800000, 0x0000000741a00000|  0%| F|  |TAMS 0x0000000741800000, 0x0000000741800000| Untracked 
| 525|0x0000000741a00000, 0x0000000741a00000, 0x0000000741c00000|  0%| F|  |TAMS 0x0000000741a00000, 0x0000000741a00000| Untracked 
| 526|0x0000000741c00000, 0x0000000741c00000, 0x0000000741e00000|  0%| F|  |TAMS 0x0000000741c00000, 0x0000000741c00000| Untracked 
| 527|0x0000000741e00000, 0x0000000741e00000, 0x0000000742000000|  0%| F|  |TAMS 0x0000000741e00000, 0x0000000741e00000| Untracked 
| 528|0x0000000742000000, 0x0000000742000000, 0x0000000742200000|  0%| F|  |TAMS 0x0000000742000000, 0x0000000742000000| Untracked 
| 529|0x0000000742200000, 0x0000000742200000, 0x0000000742400000|  0%| F|  |TAMS 0x0000000742200000, 0x0000000742200000| Untracked 
| 530|0x0000000742400000, 0x0000000742400000, 0x0000000742600000|  0%| F|  |TAMS 0x0000000742400000, 0x0000000742400000| Untracked 
| 531|0x0000000742600000, 0x0000000742600000, 0x0000000742800000|  0%| F|  |TAMS 0x0000000742600000, 0x0000000742600000| Untracked 
| 532|0x0000000742800000, 0x0000000742800000, 0x0000000742a00000|  0%| F|  |TAMS 0x0000000742800000, 0x0000000742800000| Untracked 
| 533|0x0000000742a00000, 0x0000000742a00000, 0x0000000742c00000|  0%| F|  |TAMS 0x0000000742a00000, 0x0000000742a00000| Untracked 
| 534|0x0000000742c00000, 0x0000000742c00000, 0x0000000742e00000|  0%| F|  |TAMS 0x0000000742c00000, 0x0000000742c00000| Untracked 
| 535|0x0000000742e00000, 0x0000000742e00000, 0x0000000743000000|  0%| F|  |TAMS 0x0000000742e00000, 0x0000000742e00000| Untracked 
| 536|0x0000000743000000, 0x0000000743000000, 0x0000000743200000|  0%| F|  |TAMS 0x0000000743000000, 0x0000000743000000| Untracked 
| 537|0x0000000743200000, 0x0000000743200000, 0x0000000743400000|  0%| F|  |TAMS 0x0000000743200000, 0x0000000743200000| Untracked 
| 538|0x0000000743400000, 0x0000000743400000, 0x0000000743600000|  0%| F|  |TAMS 0x0000000743400000, 0x0000000743400000| Untracked 
| 539|0x0000000743600000, 0x0000000743600000, 0x0000000743800000|  0%| F|  |TAMS 0x0000000743600000, 0x0000000743600000| Untracked 
| 540|0x0000000743800000, 0x0000000743800000, 0x0000000743a00000|  0%| F|  |TAMS 0x0000000743800000, 0x0000000743800000| Untracked 
| 541|0x0000000743a00000, 0x0000000743a00000, 0x0000000743c00000|  0%| F|  |TAMS 0x0000000743a00000, 0x0000000743a00000| Untracked 
| 542|0x0000000743c00000, 0x0000000743c00000, 0x0000000743e00000|  0%| F|  |TAMS 0x0000000743c00000, 0x0000000743c00000| Untracked 
| 543|0x0000000743e00000, 0x0000000743e00000, 0x0000000744000000|  0%| F|  |TAMS 0x0000000743e00000, 0x0000000743e00000| Untracked 
| 544|0x0000000744000000, 0x0000000744000000, 0x0000000744200000|  0%| F|  |TAMS 0x0000000744000000, 0x0000000744000000| Untracked 
| 545|0x0000000744200000, 0x0000000744200000, 0x0000000744400000|  0%| F|  |TAMS 0x0000000744200000, 0x0000000744200000| Untracked 
| 546|0x0000000744400000, 0x0000000744400000, 0x0000000744600000|  0%| F|  |TAMS 0x0000000744400000, 0x0000000744400000| Untracked 
| 547|0x0000000744600000, 0x0000000744600000, 0x0000000744800000|  0%| F|  |TAMS 0x0000000744600000, 0x0000000744600000| Untracked 
| 548|0x0000000744800000, 0x0000000744800000, 0x0000000744a00000|  0%| F|  |TAMS 0x0000000744800000, 0x0000000744800000| Untracked 
| 549|0x0000000744a00000, 0x0000000744a00000, 0x0000000744c00000|  0%| F|  |TAMS 0x0000000744a00000, 0x0000000744a00000| Untracked 
| 550|0x0000000744c00000, 0x0000000744c00000, 0x0000000744e00000|  0%| F|  |TAMS 0x0000000744c00000, 0x0000000744c00000| Untracked 
| 551|0x0000000744e00000, 0x0000000744e00000, 0x0000000745000000|  0%| F|  |TAMS 0x0000000744e00000, 0x0000000744e00000| Untracked 
| 552|0x0000000745000000, 0x0000000745000000, 0x0000000745200000|  0%| F|  |TAMS 0x0000000745000000, 0x0000000745000000| Untracked 
| 553|0x0000000745200000, 0x0000000745200000, 0x0000000745400000|  0%| F|  |TAMS 0x0000000745200000, 0x0000000745200000| Untracked 
| 554|0x0000000745400000, 0x0000000745400000, 0x0000000745600000|  0%| F|  |TAMS 0x0000000745400000, 0x0000000745400000| Untracked 
| 555|0x0000000745600000, 0x0000000745600000, 0x0000000745800000|  0%| F|  |TAMS 0x0000000745600000, 0x0000000745600000| Untracked 
| 556|0x0000000745800000, 0x0000000745800000, 0x0000000745a00000|  0%| F|  |TAMS 0x0000000745800000, 0x0000000745800000| Untracked 
| 557|0x0000000745a00000, 0x0000000745a00000, 0x0000000745c00000|  0%| F|  |TAMS 0x0000000745a00000, 0x0000000745a00000| Untracked 
| 558|0x0000000745c00000, 0x0000000745c00000, 0x0000000745e00000|  0%| F|  |TAMS 0x0000000745c00000, 0x0000000745c00000| Untracked 
| 559|0x0000000745e00000, 0x0000000745e00000, 0x0000000746000000|  0%| F|  |TAMS 0x0000000745e00000, 0x0000000745e00000| Untracked 
| 560|0x0000000746000000, 0x0000000746000000, 0x0000000746200000|  0%| F|  |TAMS 0x0000000746000000, 0x0000000746000000| Untracked 
| 561|0x0000000746200000, 0x0000000746200000, 0x0000000746400000|  0%| F|  |TAMS 0x0000000746200000, 0x0000000746200000| Untracked 
| 562|0x0000000746400000, 0x0000000746400000, 0x0000000746600000|  0%| F|  |TAMS 0x0000000746400000, 0x0000000746400000| Untracked 
| 563|0x0000000746600000, 0x0000000746600000, 0x0000000746800000|  0%| F|  |TAMS 0x0000000746600000, 0x0000000746600000| Untracked 
| 564|0x0000000746800000, 0x0000000746800000, 0x0000000746a00000|  0%| F|  |TAMS 0x0000000746800000, 0x0000000746800000| Untracked 
| 565|0x0000000746a00000, 0x0000000746a00000, 0x0000000746c00000|  0%| F|  |TAMS 0x0000000746a00000, 0x0000000746a00000| Untracked 
| 566|0x0000000746c00000, 0x0000000746c00000, 0x0000000746e00000|  0%| F|  |TAMS 0x0000000746c00000, 0x0000000746c00000| Untracked 
| 567|0x0000000746e00000, 0x0000000746e00000, 0x0000000747000000|  0%| F|  |TAMS 0x0000000746e00000, 0x0000000746e00000| Untracked 
| 568|0x0000000747000000, 0x0000000747000000, 0x0000000747200000|  0%| F|  |TAMS 0x0000000747000000, 0x0000000747000000| Untracked 
| 569|0x0000000747200000, 0x0000000747200000, 0x0000000747400000|  0%| F|  |TAMS 0x0000000747200000, 0x0000000747200000| Untracked 
| 570|0x0000000747400000, 0x0000000747400000, 0x0000000747600000|  0%| F|  |TAMS 0x0000000747400000, 0x0000000747400000| Untracked 
| 571|0x0000000747600000, 0x0000000747600000, 0x0000000747800000|  0%| F|  |TAMS 0x0000000747600000, 0x0000000747600000| Untracked 
| 572|0x0000000747800000, 0x0000000747800000, 0x0000000747a00000|  0%| F|  |TAMS 0x0000000747800000, 0x0000000747800000| Untracked 
| 573|0x0000000747a00000, 0x0000000747a00000, 0x0000000747c00000|  0%| F|  |TAMS 0x0000000747a00000, 0x0000000747a00000| Untracked 
| 574|0x0000000747c00000, 0x0000000747c00000, 0x0000000747e00000|  0%| F|  |TAMS 0x0000000747c00000, 0x0000000747c00000| Untracked 
| 575|0x0000000747e00000, 0x0000000747e00000, 0x0000000748000000|  0%| F|  |TAMS 0x0000000747e00000, 0x0000000747e00000| Untracked 
| 576|0x0000000748000000, 0x0000000748000000, 0x0000000748200000|  0%| F|  |TAMS 0x0000000748000000, 0x0000000748000000| Untracked 
| 577|0x0000000748200000, 0x0000000748200000, 0x0000000748400000|  0%| F|  |TAMS 0x0000000748200000, 0x0000000748200000| Untracked 
| 578|0x0000000748400000, 0x0000000748400000, 0x0000000748600000|  0%| F|  |TAMS 0x0000000748400000, 0x0000000748400000| Untracked 
| 579|0x0000000748600000, 0x0000000748600000, 0x0000000748800000|  0%| F|  |TAMS 0x0000000748600000, 0x0000000748600000| Untracked 
| 580|0x0000000748800000, 0x0000000748800000, 0x0000000748a00000|  0%| F|  |TAMS 0x0000000748800000, 0x0000000748800000| Untracked 
| 581|0x0000000748a00000, 0x0000000748a00000, 0x0000000748c00000|  0%| F|  |TAMS 0x0000000748a00000, 0x0000000748a00000| Untracked 
| 582|0x0000000748c00000, 0x0000000748c00000, 0x0000000748e00000|  0%| F|  |TAMS 0x0000000748c00000, 0x0000000748c00000| Untracked 
| 583|0x0000000748e00000, 0x0000000748e00000, 0x0000000749000000|  0%| F|  |TAMS 0x0000000748e00000, 0x0000000748e00000| Untracked 
| 584|0x0000000749000000, 0x0000000749000000, 0x0000000749200000|  0%| F|  |TAMS 0x0000000749000000, 0x0000000749000000| Untracked 
| 585|0x0000000749200000, 0x0000000749200000, 0x0000000749400000|  0%| F|  |TAMS 0x0000000749200000, 0x0000000749200000| Untracked 
| 586|0x0000000749400000, 0x0000000749400000, 0x0000000749600000|  0%| F|  |TAMS 0x0000000749400000, 0x0000000749400000| Untracked 
| 587|0x0000000749600000, 0x0000000749600000, 0x0000000749800000|  0%| F|  |TAMS 0x0000000749600000, 0x0000000749600000| Untracked 
| 588|0x0000000749800000, 0x0000000749800000, 0x0000000749a00000|  0%| F|  |TAMS 0x0000000749800000, 0x0000000749800000| Untracked 
| 589|0x0000000749a00000, 0x0000000749a00000, 0x0000000749c00000|  0%| F|  |TAMS 0x0000000749a00000, 0x0000000749a00000| Untracked 
| 590|0x0000000749c00000, 0x0000000749c00000, 0x0000000749e00000|  0%| F|  |TAMS 0x0000000749c00000, 0x0000000749c00000| Untracked 
| 591|0x0000000749e00000, 0x0000000749e00000, 0x000000074a000000|  0%| F|  |TAMS 0x0000000749e00000, 0x0000000749e00000| Untracked 
| 592|0x000000074a000000, 0x000000074a000000, 0x000000074a200000|  0%| F|  |TAMS 0x000000074a000000, 0x000000074a000000| Untracked 
| 593|0x000000074a200000, 0x000000074a200000, 0x000000074a400000|  0%| F|  |TAMS 0x000000074a200000, 0x000000074a200000| Untracked 
| 594|0x000000074a400000, 0x000000074a400000, 0x000000074a600000|  0%| F|  |TAMS 0x000000074a400000, 0x000000074a400000| Untracked 
| 595|0x000000074a600000, 0x000000074a600000, 0x000000074a800000|  0%| F|  |TAMS 0x000000074a600000, 0x000000074a600000| Untracked 
| 596|0x000000074a800000, 0x000000074a800000, 0x000000074aa00000|  0%| F|  |TAMS 0x000000074a800000, 0x000000074a800000| Untracked 
| 597|0x000000074aa00000, 0x000000074aa00000, 0x000000074ac00000|  0%| F|  |TAMS 0x000000074aa00000, 0x000000074aa00000| Untracked 
| 598|0x000000074ac00000, 0x000000074ac00000, 0x000000074ae00000|  0%| F|  |TAMS 0x000000074ac00000, 0x000000074ac00000| Untracked 
| 599|0x000000074ae00000, 0x000000074ae00000, 0x000000074b000000|  0%| F|  |TAMS 0x000000074ae00000, 0x000000074ae00000| Untracked 
| 600|0x000000074b000000, 0x000000074b000000, 0x000000074b200000|  0%| F|  |TAMS 0x000000074b000000, 0x000000074b000000| Untracked 
| 601|0x000000074b200000, 0x000000074b200000, 0x000000074b400000|  0%| F|  |TAMS 0x000000074b200000, 0x000000074b200000| Untracked 
| 602|0x000000074b400000, 0x000000074b400000, 0x000000074b600000|  0%| F|  |TAMS 0x000000074b400000, 0x000000074b400000| Untracked 
| 603|0x000000074b600000, 0x000000074b600000, 0x000000074b800000|  0%| F|  |TAMS 0x000000074b600000, 0x000000074b600000| Untracked 
| 604|0x000000074b800000, 0x000000074b800000, 0x000000074ba00000|  0%| F|  |TAMS 0x000000074b800000, 0x000000074b800000| Untracked 
| 605|0x000000074ba00000, 0x000000074ba00000, 0x000000074bc00000|  0%| F|  |TAMS 0x000000074ba00000, 0x000000074ba00000| Untracked 
| 606|0x000000074bc00000, 0x000000074bc00000, 0x000000074be00000|  0%| F|  |TAMS 0x000000074bc00000, 0x000000074bc00000| Untracked 
| 607|0x000000074be00000, 0x000000074be00000, 0x000000074c000000|  0%| F|  |TAMS 0x000000074be00000, 0x000000074be00000| Untracked 
| 608|0x000000074c000000, 0x000000074c000000, 0x000000074c200000|  0%| F|  |TAMS 0x000000074c000000, 0x000000074c000000| Untracked 
| 609|0x000000074c200000, 0x000000074c200000, 0x000000074c400000|  0%| F|  |TAMS 0x000000074c200000, 0x000000074c200000| Untracked 
| 610|0x000000074c400000, 0x000000074c400000, 0x000000074c600000|  0%| F|  |TAMS 0x000000074c400000, 0x000000074c400000| Untracked 
| 611|0x000000074c600000, 0x000000074c600000, 0x000000074c800000|  0%| F|  |TAMS 0x000000074c600000, 0x000000074c600000| Untracked 
| 612|0x000000074c800000, 0x000000074c800000, 0x000000074ca00000|  0%| F|  |TAMS 0x000000074c800000, 0x000000074c800000| Untracked 
| 613|0x000000074ca00000, 0x000000074ca00000, 0x000000074cc00000|  0%| F|  |TAMS 0x000000074ca00000, 0x000000074ca00000| Untracked 
| 614|0x000000074cc00000, 0x000000074cc00000, 0x000000074ce00000|  0%| F|  |TAMS 0x000000074cc00000, 0x000000074cc00000| Untracked 
| 615|0x000000074ce00000, 0x000000074ce00000, 0x000000074d000000|  0%| F|  |TAMS 0x000000074ce00000, 0x000000074ce00000| Untracked 
| 616|0x000000074d000000, 0x000000074d000000, 0x000000074d200000|  0%| F|  |TAMS 0x000000074d000000, 0x000000074d000000| Untracked 
| 617|0x000000074d200000, 0x000000074d200000, 0x000000074d400000|  0%| F|  |TAMS 0x000000074d200000, 0x000000074d200000| Untracked 
| 618|0x000000074d400000, 0x000000074d400000, 0x000000074d600000|  0%| F|  |TAMS 0x000000074d400000, 0x000000074d400000| Untracked 
| 619|0x000000074d600000, 0x000000074d600000, 0x000000074d800000|  0%| F|  |TAMS 0x000000074d600000, 0x000000074d600000| Untracked 
| 620|0x000000074d800000, 0x000000074d800000, 0x000000074da00000|  0%| F|  |TAMS 0x000000074d800000, 0x000000074d800000| Untracked 
| 621|0x000000074da00000, 0x000000074da00000, 0x000000074dc00000|  0%| F|  |TAMS 0x000000074da00000, 0x000000074da00000| Untracked 
| 622|0x000000074dc00000, 0x000000074dc00000, 0x000000074de00000|  0%| F|  |TAMS 0x000000074dc00000, 0x000000074dc00000| Untracked 
| 623|0x000000074de00000, 0x000000074de00000, 0x000000074e000000|  0%| F|  |TAMS 0x000000074de00000, 0x000000074de00000| Untracked 
| 624|0x000000074e000000, 0x000000074e000000, 0x000000074e200000|  0%| F|  |TAMS 0x000000074e000000, 0x000000074e000000| Untracked 
| 625|0x000000074e200000, 0x000000074e200000, 0x000000074e400000|  0%| F|  |TAMS 0x000000074e200000, 0x000000074e200000| Untracked 
| 626|0x000000074e400000, 0x000000074e400000, 0x000000074e600000|  0%| F|  |TAMS 0x000000074e400000, 0x000000074e400000| Untracked 
| 627|0x000000074e600000, 0x000000074e600000, 0x000000074e800000|  0%| F|  |TAMS 0x000000074e600000, 0x000000074e600000| Untracked 
| 628|0x000000074e800000, 0x000000074e800000, 0x000000074ea00000|  0%| F|  |TAMS 0x000000074e800000, 0x000000074e800000| Untracked 
| 629|0x000000074ea00000, 0x000000074ea00000, 0x000000074ec00000|  0%| F|  |TAMS 0x000000074ea00000, 0x000000074ea00000| Untracked 
| 630|0x000000074ec00000, 0x000000074ec00000, 0x000000074ee00000|  0%| F|  |TAMS 0x000000074ec00000, 0x000000074ec00000| Untracked 
| 631|0x000000074ee00000, 0x000000074ee00000, 0x000000074f000000|  0%| F|  |TAMS 0x000000074ee00000, 0x000000074ee00000| Untracked 
| 632|0x000000074f000000, 0x000000074f000000, 0x000000074f200000|  0%| F|  |TAMS 0x000000074f000000, 0x000000074f000000| Untracked 
| 633|0x000000074f200000, 0x000000074f200000, 0x000000074f400000|  0%| F|  |TAMS 0x000000074f200000, 0x000000074f200000| Untracked 
| 634|0x000000074f400000, 0x000000074f400000, 0x000000074f600000|  0%| F|  |TAMS 0x000000074f400000, 0x000000074f400000| Untracked 
| 635|0x000000074f600000, 0x000000074f600000, 0x000000074f800000|  0%| F|  |TAMS 0x000000074f600000, 0x000000074f600000| Untracked 
| 636|0x000000074f800000, 0x000000074f800000, 0x000000074fa00000|  0%| F|  |TAMS 0x000000074f800000, 0x000000074f800000| Untracked 
| 637|0x000000074fa00000, 0x000000074fa00000, 0x000000074fc00000|  0%| F|  |TAMS 0x000000074fa00000, 0x000000074fa00000| Untracked 
| 638|0x000000074fc00000, 0x000000074fc00000, 0x000000074fe00000|  0%| F|  |TAMS 0x000000074fc00000, 0x000000074fc00000| Untracked 
| 639|0x000000074fe00000, 0x000000074fe00000, 0x0000000750000000|  0%| F|  |TAMS 0x000000074fe00000, 0x000000074fe00000| Untracked 
| 640|0x0000000750000000, 0x0000000750000000, 0x0000000750200000|  0%| F|  |TAMS 0x0000000750000000, 0x0000000750000000| Untracked 
| 641|0x0000000750200000, 0x0000000750200000, 0x0000000750400000|  0%| F|  |TAMS 0x0000000750200000, 0x0000000750200000| Untracked 
| 642|0x0000000750400000, 0x0000000750400000, 0x0000000750600000|  0%| F|  |TAMS 0x0000000750400000, 0x0000000750400000| Untracked 
| 643|0x0000000750600000, 0x0000000750600000, 0x0000000750800000|  0%| F|  |TAMS 0x0000000750600000, 0x0000000750600000| Untracked 
| 644|0x0000000750800000, 0x0000000750800000, 0x0000000750a00000|  0%| F|  |TAMS 0x0000000750800000, 0x0000000750800000| Untracked 
| 645|0x0000000750a00000, 0x0000000750a00000, 0x0000000750c00000|  0%| F|  |TAMS 0x0000000750a00000, 0x0000000750a00000| Untracked 
| 646|0x0000000750c00000, 0x0000000750c00000, 0x0000000750e00000|  0%| F|  |TAMS 0x0000000750c00000, 0x0000000750c00000| Untracked 
| 647|0x0000000750e00000, 0x0000000750e00000, 0x0000000751000000|  0%| F|  |TAMS 0x0000000750e00000, 0x0000000750e00000| Untracked 
| 648|0x0000000751000000, 0x0000000751000000, 0x0000000751200000|  0%| F|  |TAMS 0x0000000751000000, 0x0000000751000000| Untracked 
| 649|0x0000000751200000, 0x0000000751200000, 0x0000000751400000|  0%| F|  |TAMS 0x0000000751200000, 0x0000000751200000| Untracked 
| 650|0x0000000751400000, 0x0000000751400000, 0x0000000751600000|  0%| F|  |TAMS 0x0000000751400000, 0x0000000751400000| Untracked 
| 651|0x0000000751600000, 0x0000000751600000, 0x0000000751800000|  0%| F|  |TAMS 0x0000000751600000, 0x0000000751600000| Untracked 
| 652|0x0000000751800000, 0x0000000751800000, 0x0000000751a00000|  0%| F|  |TAMS 0x0000000751800000, 0x0000000751800000| Untracked 
| 653|0x0000000751a00000, 0x0000000751a00000, 0x0000000751c00000|  0%| F|  |TAMS 0x0000000751a00000, 0x0000000751a00000| Untracked 
| 654|0x0000000751c00000, 0x0000000751c00000, 0x0000000751e00000|  0%| F|  |TAMS 0x0000000751c00000, 0x0000000751c00000| Untracked 
| 655|0x0000000751e00000, 0x0000000751e00000, 0x0000000752000000|  0%| F|  |TAMS 0x0000000751e00000, 0x0000000751e00000| Untracked 
| 656|0x0000000752000000, 0x0000000752000000, 0x0000000752200000|  0%| F|  |TAMS 0x0000000752000000, 0x0000000752000000| Untracked 
| 657|0x0000000752200000, 0x0000000752200000, 0x0000000752400000|  0%| F|  |TAMS 0x0000000752200000, 0x0000000752200000| Untracked 
| 658|0x0000000752400000, 0x0000000752400000, 0x0000000752600000|  0%| F|  |TAMS 0x0000000752400000, 0x0000000752400000| Untracked 
| 659|0x0000000752600000, 0x0000000752600000, 0x0000000752800000|  0%| F|  |TAMS 0x0000000752600000, 0x0000000752600000| Untracked 
| 660|0x0000000752800000, 0x0000000752800000, 0x0000000752a00000|  0%| F|  |TAMS 0x0000000752800000, 0x0000000752800000| Untracked 
| 661|0x0000000752a00000, 0x0000000752a00000, 0x0000000752c00000|  0%| F|  |TAMS 0x0000000752a00000, 0x0000000752a00000| Untracked 
| 662|0x0000000752c00000, 0x0000000752c00000, 0x0000000752e00000|  0%| F|  |TAMS 0x0000000752c00000, 0x0000000752c00000| Untracked 
| 663|0x0000000752e00000, 0x0000000752e00000, 0x0000000753000000|  0%| F|  |TAMS 0x0000000752e00000, 0x0000000752e00000| Untracked 
| 664|0x0000000753000000, 0x0000000753000000, 0x0000000753200000|  0%| F|  |TAMS 0x0000000753000000, 0x0000000753000000| Untracked 
| 665|0x0000000753200000, 0x0000000753200000, 0x0000000753400000|  0%| F|  |TAMS 0x0000000753200000, 0x0000000753200000| Untracked 
| 666|0x0000000753400000, 0x0000000753400000, 0x0000000753600000|  0%| F|  |TAMS 0x0000000753400000, 0x0000000753400000| Untracked 
| 667|0x0000000753600000, 0x0000000753600000, 0x0000000753800000|  0%| F|  |TAMS 0x0000000753600000, 0x0000000753600000| Untracked 
| 668|0x0000000753800000, 0x0000000753800000, 0x0000000753a00000|  0%| F|  |TAMS 0x0000000753800000, 0x0000000753800000| Untracked 
| 669|0x0000000753a00000, 0x0000000753a00000, 0x0000000753c00000|  0%| F|  |TAMS 0x0000000753a00000, 0x0000000753a00000| Untracked 
| 670|0x0000000753c00000, 0x0000000753c00000, 0x0000000753e00000|  0%| F|  |TAMS 0x0000000753c00000, 0x0000000753c00000| Untracked 
| 671|0x0000000753e00000, 0x0000000753e00000, 0x0000000754000000|  0%| F|  |TAMS 0x0000000753e00000, 0x0000000753e00000| Untracked 
| 672|0x0000000754000000, 0x0000000754000000, 0x0000000754200000|  0%| F|  |TAMS 0x0000000754000000, 0x0000000754000000| Untracked 
| 673|0x0000000754200000, 0x0000000754200000, 0x0000000754400000|  0%| F|  |TAMS 0x0000000754200000, 0x0000000754200000| Untracked 
| 674|0x0000000754400000, 0x0000000754400000, 0x0000000754600000|  0%| F|  |TAMS 0x0000000754400000, 0x0000000754400000| Untracked 
| 675|0x0000000754600000, 0x0000000754600000, 0x0000000754800000|  0%| F|  |TAMS 0x0000000754600000, 0x0000000754600000| Untracked 
| 676|0x0000000754800000, 0x0000000754800000, 0x0000000754a00000|  0%| F|  |TAMS 0x0000000754800000, 0x0000000754800000| Untracked 
| 677|0x0000000754a00000, 0x0000000754a00000, 0x0000000754c00000|  0%| F|  |TAMS 0x0000000754a00000, 0x0000000754a00000| Untracked 
| 678|0x0000000754c00000, 0x0000000754c00000, 0x0000000754e00000|  0%| F|  |TAMS 0x0000000754c00000, 0x0000000754c00000| Untracked 
| 679|0x0000000754e00000, 0x0000000754e00000, 0x0000000755000000|  0%| F|  |TAMS 0x0000000754e00000, 0x0000000754e00000| Untracked 
| 680|0x0000000755000000, 0x0000000755000000, 0x0000000755200000|  0%| F|  |TAMS 0x0000000755000000, 0x0000000755000000| Untracked 
| 681|0x0000000755200000, 0x0000000755200000, 0x0000000755400000|  0%| F|  |TAMS 0x0000000755200000, 0x0000000755200000| Untracked 
| 682|0x0000000755400000, 0x0000000755400000, 0x0000000755600000|  0%| F|  |TAMS 0x0000000755400000, 0x0000000755400000| Untracked 
| 683|0x0000000755600000, 0x0000000755600000, 0x0000000755800000|  0%| F|  |TAMS 0x0000000755600000, 0x0000000755600000| Untracked 
| 684|0x0000000755800000, 0x0000000755800000, 0x0000000755a00000|  0%| F|  |TAMS 0x0000000755800000, 0x0000000755800000| Untracked 
| 685|0x0000000755a00000, 0x0000000755a00000, 0x0000000755c00000|  0%| F|  |TAMS 0x0000000755a00000, 0x0000000755a00000| Untracked 
| 686|0x0000000755c00000, 0x0000000755c00000, 0x0000000755e00000|  0%| F|  |TAMS 0x0000000755c00000, 0x0000000755c00000| Untracked 
| 687|0x0000000755e00000, 0x0000000755e00000, 0x0000000756000000|  0%| F|  |TAMS 0x0000000755e00000, 0x0000000755e00000| Untracked 
| 688|0x0000000756000000, 0x0000000756000000, 0x0000000756200000|  0%| F|  |TAMS 0x0000000756000000, 0x0000000756000000| Untracked 
| 689|0x0000000756200000, 0x0000000756200000, 0x0000000756400000|  0%| F|  |TAMS 0x0000000756200000, 0x0000000756200000| Untracked 
| 690|0x0000000756400000, 0x0000000756400000, 0x0000000756600000|  0%| F|  |TAMS 0x0000000756400000, 0x0000000756400000| Untracked 
| 691|0x0000000756600000, 0x0000000756600000, 0x0000000756800000|  0%| F|  |TAMS 0x0000000756600000, 0x0000000756600000| Untracked 
| 692|0x0000000756800000, 0x0000000756800000, 0x0000000756a00000|  0%| F|  |TAMS 0x0000000756800000, 0x0000000756800000| Untracked 
| 693|0x0000000756a00000, 0x0000000756a00000, 0x0000000756c00000|  0%| F|  |TAMS 0x0000000756a00000, 0x0000000756a00000| Untracked 
| 694|0x0000000756c00000, 0x0000000756c00000, 0x0000000756e00000|  0%| F|  |TAMS 0x0000000756c00000, 0x0000000756c00000| Untracked 
| 695|0x0000000756e00000, 0x0000000756e00000, 0x0000000757000000|  0%| F|  |TAMS 0x0000000756e00000, 0x0000000756e00000| Untracked 
| 696|0x0000000757000000, 0x0000000757000000, 0x0000000757200000|  0%| F|  |TAMS 0x0000000757000000, 0x0000000757000000| Untracked 
| 697|0x0000000757200000, 0x0000000757200000, 0x0000000757400000|  0%| F|  |TAMS 0x0000000757200000, 0x0000000757200000| Untracked 
| 698|0x0000000757400000, 0x0000000757400000, 0x0000000757600000|  0%| F|  |TAMS 0x0000000757400000, 0x0000000757400000| Untracked 
| 699|0x0000000757600000, 0x0000000757600000, 0x0000000757800000|  0%| F|  |TAMS 0x0000000757600000, 0x0000000757600000| Untracked 
| 700|0x0000000757800000, 0x0000000757800000, 0x0000000757a00000|  0%| F|  |TAMS 0x0000000757800000, 0x0000000757800000| Untracked 
| 701|0x0000000757a00000, 0x0000000757a00000, 0x0000000757c00000|  0%| F|  |TAMS 0x0000000757a00000, 0x0000000757a00000| Untracked 
| 702|0x0000000757c00000, 0x0000000757c00000, 0x0000000757e00000|  0%| F|  |TAMS 0x0000000757c00000, 0x0000000757c00000| Untracked 
| 703|0x0000000757e00000, 0x0000000757e00000, 0x0000000758000000|  0%| F|  |TAMS 0x0000000757e00000, 0x0000000757e00000| Untracked 
| 704|0x0000000758000000, 0x0000000758000000, 0x0000000758200000|  0%| F|  |TAMS 0x0000000758000000, 0x0000000758000000| Untracked 
| 705|0x0000000758200000, 0x0000000758200000, 0x0000000758400000|  0%| F|  |TAMS 0x0000000758200000, 0x0000000758200000| Untracked 
| 706|0x0000000758400000, 0x0000000758400000, 0x0000000758600000|  0%| F|  |TAMS 0x0000000758400000, 0x0000000758400000| Untracked 
| 707|0x0000000758600000, 0x0000000758600000, 0x0000000758800000|  0%| F|  |TAMS 0x0000000758600000, 0x0000000758600000| Untracked 
| 708|0x0000000758800000, 0x0000000758800000, 0x0000000758a00000|  0%| F|  |TAMS 0x0000000758800000, 0x0000000758800000| Untracked 
| 709|0x0000000758a00000, 0x0000000758a00000, 0x0000000758c00000|  0%| F|  |TAMS 0x0000000758a00000, 0x0000000758a00000| Untracked 
| 710|0x0000000758c00000, 0x0000000758c00000, 0x0000000758e00000|  0%| F|  |TAMS 0x0000000758c00000, 0x0000000758c00000| Untracked 
| 711|0x0000000758e00000, 0x0000000758e00000, 0x0000000759000000|  0%| F|  |TAMS 0x0000000758e00000, 0x0000000758e00000| Untracked 
| 712|0x0000000759000000, 0x0000000759000000, 0x0000000759200000|  0%| F|  |TAMS 0x0000000759000000, 0x0000000759000000| Untracked 
| 713|0x0000000759200000, 0x0000000759200000, 0x0000000759400000|  0%| F|  |TAMS 0x0000000759200000, 0x0000000759200000| Untracked 
| 714|0x0000000759400000, 0x00000007595cfb90, 0x0000000759600000| 90%| S|CS|TAMS 0x0000000759400000, 0x0000000759400000| Complete 
| 715|0x0000000759600000, 0x0000000759800000, 0x0000000759800000|100%| S|CS|TAMS 0x0000000759600000, 0x0000000759600000| Complete 
| 716|0x0000000759800000, 0x0000000759a00000, 0x0000000759a00000|100%| S|CS|TAMS 0x0000000759800000, 0x0000000759800000| Complete 
| 717|0x0000000759a00000, 0x0000000759c00000, 0x0000000759c00000|100%| S|CS|TAMS 0x0000000759a00000, 0x0000000759a00000| Complete 
| 718|0x0000000759c00000, 0x0000000759e00000, 0x0000000759e00000|100%| S|CS|TAMS 0x0000000759c00000, 0x0000000759c00000| Complete 
| 719|0x0000000759e00000, 0x000000075a000000, 0x000000075a000000|100%| S|CS|TAMS 0x0000000759e00000, 0x0000000759e00000| Complete 
| 720|0x000000075a000000, 0x000000075a000000, 0x000000075a200000|  0%| F|  |TAMS 0x000000075a000000, 0x000000075a000000| Untracked 
| 721|0x000000075a200000, 0x000000075a200000, 0x000000075a400000|  0%| F|  |TAMS 0x000000075a200000, 0x000000075a200000| Untracked 
| 722|0x000000075a400000, 0x000000075a400000, 0x000000075a600000|  0%| F|  |TAMS 0x000000075a400000, 0x000000075a400000| Untracked 
| 723|0x000000075a600000, 0x000000075a600000, 0x000000075a800000|  0%| F|  |TAMS 0x000000075a600000, 0x000000075a600000| Untracked 
| 724|0x000000075a800000, 0x000000075a800000, 0x000000075aa00000|  0%| F|  |TAMS 0x000000075a800000, 0x000000075a800000| Untracked 
| 725|0x000000075aa00000, 0x000000075aa00000, 0x000000075ac00000|  0%| F|  |TAMS 0x000000075aa00000, 0x000000075aa00000| Untracked 
| 726|0x000000075ac00000, 0x000000075ac00000, 0x000000075ae00000|  0%| F|  |TAMS 0x000000075ac00000, 0x000000075ac00000| Untracked 
| 727|0x000000075ae00000, 0x000000075ae00000, 0x000000075b000000|  0%| F|  |TAMS 0x000000075ae00000, 0x000000075ae00000| Untracked 
| 728|0x000000075b000000, 0x000000075b000000, 0x000000075b200000|  0%| F|  |TAMS 0x000000075b000000, 0x000000075b000000| Untracked 
| 729|0x000000075b200000, 0x000000075b200000, 0x000000075b400000|  0%| F|  |TAMS 0x000000075b200000, 0x000000075b200000| Untracked 
| 730|0x000000075b400000, 0x000000075b400000, 0x000000075b600000|  0%| F|  |TAMS 0x000000075b400000, 0x000000075b400000| Untracked 
| 731|0x000000075b600000, 0x000000075b600000, 0x000000075b800000|  0%| F|  |TAMS 0x000000075b600000, 0x000000075b600000| Untracked 
| 732|0x000000075b800000, 0x000000075b800000, 0x000000075ba00000|  0%| F|  |TAMS 0x000000075b800000, 0x000000075b800000| Untracked 
| 733|0x000000075ba00000, 0x000000075ba00000, 0x000000075bc00000|  0%| F|  |TAMS 0x000000075ba00000, 0x000000075ba00000| Untracked 
| 734|0x000000075bc00000, 0x000000075bc00000, 0x000000075be00000|  0%| F|  |TAMS 0x000000075bc00000, 0x000000075bc00000| Untracked 
| 735|0x000000075be00000, 0x000000075be00000, 0x000000075c000000|  0%| F|  |TAMS 0x000000075be00000, 0x000000075be00000| Untracked 
| 736|0x000000075c000000, 0x000000075c000000, 0x000000075c200000|  0%| F|  |TAMS 0x000000075c000000, 0x000000075c000000| Untracked 
| 737|0x000000075c200000, 0x000000075c200000, 0x000000075c400000|  0%| F|  |TAMS 0x000000075c200000, 0x000000075c200000| Untracked 
| 738|0x000000075c400000, 0x000000075c400000, 0x000000075c600000|  0%| F|  |TAMS 0x000000075c400000, 0x000000075c400000| Untracked 
| 739|0x000000075c600000, 0x000000075c600000, 0x000000075c800000|  0%| F|  |TAMS 0x000000075c600000, 0x000000075c600000| Untracked 
| 740|0x000000075c800000, 0x000000075c800000, 0x000000075ca00000|  0%| F|  |TAMS 0x000000075c800000, 0x000000075c800000| Untracked 
| 741|0x000000075ca00000, 0x000000075ca00000, 0x000000075cc00000|  0%| F|  |TAMS 0x000000075ca00000, 0x000000075ca00000| Untracked 
| 742|0x000000075cc00000, 0x000000075cc00000, 0x000000075ce00000|  0%| F|  |TAMS 0x000000075cc00000, 0x000000075cc00000| Untracked 
| 743|0x000000075ce00000, 0x000000075ce00000, 0x000000075d000000|  0%| F|  |TAMS 0x000000075ce00000, 0x000000075ce00000| Untracked 
| 744|0x000000075d000000, 0x000000075d000000, 0x000000075d200000|  0%| F|  |TAMS 0x000000075d000000, 0x000000075d000000| Untracked 
| 745|0x000000075d200000, 0x000000075d200000, 0x000000075d400000|  0%| F|  |TAMS 0x000000075d200000, 0x000000075d200000| Untracked 
| 746|0x000000075d400000, 0x000000075d400000, 0x000000075d600000|  0%| F|  |TAMS 0x000000075d400000, 0x000000075d400000| Untracked 
| 747|0x000000075d600000, 0x000000075d600000, 0x000000075d800000|  0%| F|  |TAMS 0x000000075d600000, 0x000000075d600000| Untracked 
| 748|0x000000075d800000, 0x000000075d800000, 0x000000075da00000|  0%| F|  |TAMS 0x000000075d800000, 0x000000075d800000| Untracked 
| 749|0x000000075da00000, 0x000000075da00000, 0x000000075dc00000|  0%| F|  |TAMS 0x000000075da00000, 0x000000075da00000| Untracked 
| 750|0x000000075dc00000, 0x000000075dc00000, 0x000000075de00000|  0%| F|  |TAMS 0x000000075dc00000, 0x000000075dc00000| Untracked 
| 751|0x000000075de00000, 0x000000075de00000, 0x000000075e000000|  0%| F|  |TAMS 0x000000075de00000, 0x000000075de00000| Untracked 
| 752|0x000000075e000000, 0x000000075e000000, 0x000000075e200000|  0%| F|  |TAMS 0x000000075e000000, 0x000000075e000000| Untracked 
| 753|0x000000075e200000, 0x000000075e200000, 0x000000075e400000|  0%| F|  |TAMS 0x000000075e200000, 0x000000075e200000| Untracked 
| 754|0x000000075e400000, 0x000000075e400000, 0x000000075e600000|  0%| F|  |TAMS 0x000000075e400000, 0x000000075e400000| Untracked 
| 755|0x000000075e600000, 0x000000075e600000, 0x000000075e800000|  0%| F|  |TAMS 0x000000075e600000, 0x000000075e600000| Untracked 
| 756|0x000000075e800000, 0x000000075e800000, 0x000000075ea00000|  0%| F|  |TAMS 0x000000075e800000, 0x000000075e800000| Untracked 
| 757|0x000000075ea00000, 0x000000075ea00000, 0x000000075ec00000|  0%| F|  |TAMS 0x000000075ea00000, 0x000000075ea00000| Untracked 
| 758|0x000000075ec00000, 0x000000075ec00000, 0x000000075ee00000|  0%| F|  |TAMS 0x000000075ec00000, 0x000000075ec00000| Untracked 
| 759|0x000000075ee00000, 0x000000075ee00000, 0x000000075f000000|  0%| F|  |TAMS 0x000000075ee00000, 0x000000075ee00000| Untracked 
| 760|0x000000075f000000, 0x000000075f000000, 0x000000075f200000|  0%| F|  |TAMS 0x000000075f000000, 0x000000075f000000| Untracked 
| 761|0x000000075f200000, 0x000000075f200000, 0x000000075f400000|  0%| F|  |TAMS 0x000000075f200000, 0x000000075f200000| Untracked 
| 762|0x000000075f400000, 0x000000075f400000, 0x000000075f600000|  0%| F|  |TAMS 0x000000075f400000, 0x000000075f400000| Untracked 
| 763|0x000000075f600000, 0x000000075f600000, 0x000000075f800000|  0%| F|  |TAMS 0x000000075f600000, 0x000000075f600000| Untracked 
| 764|0x000000075f800000, 0x000000075f800000, 0x000000075fa00000|  0%| F|  |TAMS 0x000000075f800000, 0x000000075f800000| Untracked 
| 765|0x000000075fa00000, 0x000000075fa00000, 0x000000075fc00000|  0%| F|  |TAMS 0x000000075fa00000, 0x000000075fa00000| Untracked 
| 766|0x000000075fc00000, 0x000000075fc00000, 0x000000075fe00000|  0%| F|  |TAMS 0x000000075fc00000, 0x000000075fc00000| Untracked 
| 767|0x000000075fe00000, 0x000000075fe00000, 0x0000000760000000|  0%| F|  |TAMS 0x000000075fe00000, 0x000000075fe00000| Untracked 
| 768|0x0000000760000000, 0x0000000760000000, 0x0000000760200000|  0%| F|  |TAMS 0x0000000760000000, 0x0000000760000000| Untracked 
| 769|0x0000000760200000, 0x0000000760200000, 0x0000000760400000|  0%| F|  |TAMS 0x0000000760200000, 0x0000000760200000| Untracked 
| 770|0x0000000760400000, 0x0000000760400000, 0x0000000760600000|  0%| F|  |TAMS 0x0000000760400000, 0x0000000760400000| Untracked 
| 771|0x0000000760600000, 0x0000000760600000, 0x0000000760800000|  0%| F|  |TAMS 0x0000000760600000, 0x0000000760600000| Untracked 
| 772|0x0000000760800000, 0x0000000760800000, 0x0000000760a00000|  0%| F|  |TAMS 0x0000000760800000, 0x0000000760800000| Untracked 
| 773|0x0000000760a00000, 0x0000000760a00000, 0x0000000760c00000|  0%| F|  |TAMS 0x0000000760a00000, 0x0000000760a00000| Untracked 
| 774|0x0000000760c00000, 0x0000000760c00000, 0x0000000760e00000|  0%| F|  |TAMS 0x0000000760c00000, 0x0000000760c00000| Untracked 
| 775|0x0000000760e00000, 0x0000000760e00000, 0x0000000761000000|  0%| F|  |TAMS 0x0000000760e00000, 0x0000000760e00000| Untracked 
| 776|0x0000000761000000, 0x0000000761000000, 0x0000000761200000|  0%| F|  |TAMS 0x0000000761000000, 0x0000000761000000| Untracked 
| 777|0x0000000761200000, 0x0000000761200000, 0x0000000761400000|  0%| F|  |TAMS 0x0000000761200000, 0x0000000761200000| Untracked 
| 778|0x0000000761400000, 0x0000000761400000, 0x0000000761600000|  0%| F|  |TAMS 0x0000000761400000, 0x0000000761400000| Untracked 
| 779|0x0000000761600000, 0x0000000761600000, 0x0000000761800000|  0%| F|  |TAMS 0x0000000761600000, 0x0000000761600000| Untracked 
| 780|0x0000000761800000, 0x0000000761800000, 0x0000000761a00000|  0%| F|  |TAMS 0x0000000761800000, 0x0000000761800000| Untracked 

Card table byte_map: [0x00000130329c0000,0x00000130331c0000] _byte_map_base: 0x000001302f1c0000

Marking Bits (Prev, Next): (CMBitMap*) 0x000001301b6572d0, (CMBitMap*) 0x000001301b657310
 Prev Bits: [0x00000130339c0000, 0x00000130379c0000)
 Next Bits: [0x00000130379c0000, 0x000001303b9c0000)

Polling page: 0x0000013019570000

Metaspace:

Usage:
  Non-class:    122.26 MB used.
      Class:     18.83 MB used.
       Both:    141.09 MB used.

Virtual space:
  Non-class space:      128.00 MB reserved,     123.81 MB ( 97%) committed,  2 nodes.
      Class space:        1.00 GB reserved,      20.19 MB (  2%) committed,  1 nodes.
             Both:        1.12 GB reserved,     144.00 MB ( 12%) committed. 

Chunk freelists:
   Non-Class:  3.73 MB
       Class:  11.76 MB
        Both:  15.48 MB

MaxMetaspaceSize: unlimited
CompressedClassSpaceSize: 1.00 GB
Initial GC threshold: 21.00 MB
Current GC threshold: 228.38 MB
CDS: on
MetaspaceReclaimPolicy: balanced
 - commit_granule_bytes: 65536.
 - commit_granule_words: 8192.
 - virtual_space_node_default_size: 8388608.
 - enlarge_chunks_in_place: 1.
 - new_chunks_are_fully_committed: 0.
 - uncommit_free_chunks: 1.
 - use_allocation_guard: 0.
 - handle_deallocations: 1.


Internal statistics:

num_allocs_failed_limit: 9.
num_arena_births: 4512.
num_arena_deaths: 4.
num_vsnodes_births: 3.
num_vsnodes_deaths: 0.
num_space_committed: 2303.
num_space_uncommitted: 0.
num_chunks_returned_to_freelist: 15.
num_chunks_taken_from_freelist: 11879.
num_chunk_merges: 11.
num_chunk_splits: 6909.
num_chunks_enlarged: 3325.
num_inconsistent_stats: 0.

CodeHeap 'non-profiled nmethods': size=120000Kb used=23151Kb max_used=23151Kb free=96848Kb
 bounds [0x000001302a960000, 0x000001302c000000, 0x0000013031e90000]
CodeHeap 'profiled nmethods': size=120000Kb used=48187Kb max_used=48187Kb free=71812Kb
 bounds [0x0000013022e90000, 0x0000013025da0000, 0x000001302a3c0000]
CodeHeap 'non-nmethods': size=5760Kb used=2554Kb max_used=2609Kb free=3205Kb
 bounds [0x000001302a3c0000, 0x000001302a660000, 0x000001302a960000]
 total_blobs=26531 nmethods=25442 adapters=1000
 compilation: enabled
              stopped_count=0, restarted_count=0
 full_count=0

Compilation events (20 events):
Event: 1890.658 Thread 0x000001303e448d30 33083       3       org.gradle.api.internal.tasks.DefaultTaskOutputs::visitRegisteredProperties (61 bytes)
Event: 1890.658 Thread 0x000001303e448d30 nmethod 33083 0x0000013025d9a410 code [0x0000013025d9a640, 0x0000013025d9ac98]
Event: 1890.658 Thread 0x000001303e448d30 33084       3       org.gradle.api.internal.tasks.DefaultTaskDestroyables::visitRegisteredProperties (37 bytes)
Event: 1890.658 Thread 0x000001303e448d30 nmethod 33084 0x0000013025d9af10 code [0x0000013025d9b100, 0x0000013025d9b5d8]
Event: 1890.658 Thread 0x000001303e448d30 33079       2       com.android.build.gradle.tasks.MergeSourceSetFolders_Decorated::getSourceFolderInputs (34 bytes)
Event: 1890.658 Thread 0x000001303e448d30 nmethod 33079 0x0000013025d9b790 code [0x0000013025d9b940, 0x0000013025d9bb98]
Event: 1890.659 Thread 0x000001303e448d30 33085       3       org.gradle.api.internal.tasks.DefaultTaskLocalState::visitRegisteredProperties (37 bytes)
Event: 1890.659 Thread 0x000001303e448d30 nmethod 33085 0x0000013025d9bd10 code [0x0000013025d9bf00, 0x0000013025d9c3d8]
Event: 1890.673 Thread 0x000001303e448d30 33086       2       org.gradle.api.internal.tasks.properties.annotations.LocalStatePropertyAnnotationHandler::visitPropertyValue (9 bytes)
Event: 1890.673 Thread 0x000001303e448d30 nmethod 33086 0x0000013025d9c590 code [0x0000013025d9c720, 0x0000013025d9c848]
Event: 1890.674 Thread 0x000001303e448d30 33087       2       kotlin.collections.CollectionsKt___CollectionsKt::reversed (42 bytes)
Event: 1890.675 Thread 0x000001303e448d30 nmethod 33087 0x0000013025d9c910 code [0x0000013025d9cb60, 0x0000013025d9d118]
Event: 1890.675 Thread 0x000001303e448d30 33088       2       kotlin.collections.CollectionsKt___CollectionsJvmKt::reverse (11 bytes)
Event: 1890.675 Thread 0x000001303e448d30 nmethod 33088 0x0000013025d9d490 code [0x0000013025d9d660, 0x0000013025d9d908]
Event: 1890.685 Thread 0x000001303e448d30 33089       2       org.gradle.api.internal.file.FileCollectionBackedFileTree::visitContents (17 bytes)
Event: 1890.686 Thread 0x000001303e448d30 nmethod 33089 0x0000013025d9db10 code [0x0000013025d9dcc0, 0x0000013025d9e0c8]
Event: 1890.686 Thread 0x000001303e448d30 33090       2       org.gradle.api.internal.file.FileCollectionBackedFileTree$2::<init> (26 bytes)
Event: 1890.686 Thread 0x000001303e448d30 nmethod 33090 0x0000013025d9e210 code [0x0000013025d9e3c0, 0x0000013025d9e738]
Event: 1890.688 Thread 0x000001303e448d30 33091       2       com.google.common.collect.ImmutableMapEntry$NonTerminalImmutableBiMapEntry::<init> (14 bytes)
Event: 1890.688 Thread 0x000001303e448d30 nmethod 33091 0x0000013025d9e810 code [0x0000013025d9e9c0, 0x0000013025d9eca8]

GC Heap History (20 events):
Event: 1878.982 GC heap after
{Heap after GC invocations=71 (full 0):
 garbage-first heap   total 976896K, used 524194K [0x0000000700000000, 0x0000000800000000)
  region size 2048K, 8 young (16384K), 8 survivors (16384K)
 Metaspace       used 140959K, committed 143616K, reserved 1179648K
  class space    used 18852K, committed 20096K, reserved 1048576K
}
Event: 1879.417 GC heap before
{Heap before GC invocations=71 (full 0):
 garbage-first heap   total 976896K, used 554914K [0x0000000700000000, 0x0000000800000000)
  region size 2048K, 23 young (47104K), 8 survivors (16384K)
 Metaspace       used 141023K, committed 143744K, reserved 1179648K
  class space    used 18855K, committed 20160K, reserved 1048576K
}
Event: 1879.491 GC heap after
{Heap after GC invocations=72 (full 0):
 garbage-first heap   total 976896K, used 534724K [0x0000000700000000, 0x0000000800000000)
  region size 2048K, 3 young (6144K), 3 survivors (6144K)
 Metaspace       used 141023K, committed 143744K, reserved 1179648K
  class space    used 18855K, committed 20160K, reserved 1048576K
}
Event: 1880.789 GC heap before
{Heap before GC invocations=72 (full 0):
 garbage-first heap   total 976896K, used 633028K [0x0000000700000000, 0x0000000800000000)
  region size 2048K, 51 young (104448K), 3 survivors (6144K)
 Metaspace       used 141238K, committed 143936K, reserved 1179648K
  class space    used 18865K, committed 20160K, reserved 1048576K
}
Event: 1880.860 GC heap after
{Heap after GC invocations=73 (full 0):
 garbage-first heap   total 1599488K, used 556696K [0x0000000700000000, 0x0000000800000000)
  region size 2048K, 7 young (14336K), 7 survivors (14336K)
 Metaspace       used 141238K, committed 143936K, reserved 1179648K
  class space    used 18865K, committed 20160K, reserved 1048576K
}
Event: 1881.693 GC heap before
{Heap before GC invocations=73 (full 0):
 garbage-first heap   total 1599488K, used 626328K [0x0000000700000000, 0x0000000800000000)
  region size 2048K, 41 young (83968K), 7 survivors (14336K)
 Metaspace       used 141362K, committed 144128K, reserved 1179648K
  class space    used 18868K, committed 20160K, reserved 1048576K
}
Event: 1881.757 GC heap after
{Heap after GC invocations=74 (full 0):
 garbage-first heap   total 1599488K, used 572713K [0x0000000700000000, 0x0000000800000000)
  region size 2048K, 6 young (12288K), 6 survivors (12288K)
 Metaspace       used 141362K, committed 144128K, reserved 1179648K
  class space    used 18868K, committed 20160K, reserved 1048576K
}
Event: 1883.579 GC heap before
{Heap before GC invocations=74 (full 0):
 garbage-first heap   total 1599488K, used 666921K [0x0000000700000000, 0x0000000800000000)
  region size 2048K, 52 young (106496K), 6 survivors (12288K)
 Metaspace       used 142348K, committed 145088K, reserved 1179648K
  class space    used 18998K, committed 20288K, reserved 1048576K
}
Event: 1883.655 GC heap after
{Heap after GC invocations=75 (full 0):
 garbage-first heap   total 1599488K, used 591784K [0x0000000700000000, 0x0000000800000000)
  region size 2048K, 7 young (14336K), 7 survivors (14336K)
 Metaspace       used 142348K, committed 145088K, reserved 1179648K
  class space    used 18998K, committed 20288K, reserved 1048576K
}
Event: 1884.287 GC heap before
{Heap before GC invocations=75 (full 0):
 garbage-first heap   total 1599488K, used 704424K [0x0000000700000000, 0x0000000800000000)
  region size 2048K, 62 young (126976K), 7 survivors (14336K)
 Metaspace       used 142554K, committed 145344K, reserved 1179648K
  class space    used 19028K, committed 20352K, reserved 1048576K
}
Event: 1884.477 GC heap after
{Heap after GC invocations=76 (full 0):
 garbage-first heap   total 1599488K, used 604915K [0x0000000700000000, 0x0000000800000000)
  region size 2048K, 6 young (12288K), 6 survivors (12288K)
 Metaspace       used 142554K, committed 145344K, reserved 1179648K
  class space    used 19028K, committed 20352K, reserved 1048576K
}
Event: 1884.986 GC heap before
{Heap before GC invocations=76 (full 0):
 garbage-first heap   total 1599488K, used 695027K [0x0000000700000000, 0x0000000800000000)
  region size 2048K, 50 young (102400K), 6 survivors (12288K)
 Metaspace       used 142916K, committed 145792K, reserved 1179648K
  class space    used 19075K, committed 20416K, reserved 1048576K
}
Event: 1885.105 GC heap after
{Heap after GC invocations=77 (full 0):
 garbage-first heap   total 1599488K, used 616482K [0x0000000700000000, 0x0000000800000000)
  region size 2048K, 6 young (12288K), 6 survivors (12288K)
 Metaspace       used 142916K, committed 145792K, reserved 1179648K
  class space    used 19075K, committed 20416K, reserved 1048576K
}
Event: 1886.382 GC heap before
{Heap before GC invocations=77 (full 0):
 garbage-first heap   total 1599488K, used 729122K [0x0000000700000000, 0x0000000800000000)
  region size 2048K, 62 young (126976K), 6 survivors (12288K)
 Metaspace       used 143279K, committed 146176K, reserved 1179648K
  class space    used 19122K, committed 20480K, reserved 1048576K
}
Event: 1886.427 GC heap after
{Heap after GC invocations=78 (full 0):
 garbage-first heap   total 1599488K, used 629535K [0x0000000700000000, 0x0000000800000000)
  region size 2048K, 7 young (14336K), 7 survivors (14336K)
 Metaspace       used 143279K, committed 146176K, reserved 1179648K
  class space    used 19122K, committed 20480K, reserved 1048576K
}
Event: 1888.145 GC heap before
{Heap before GC invocations=78 (full 0):
 garbage-first heap   total 1599488K, used 803615K [0x0000000700000000, 0x0000000800000000)
  region size 2048K, 85 young (174080K), 7 survivors (14336K)
 Metaspace       used 143424K, committed 146368K, reserved 1179648K
  class space    used 19143K, committed 20544K, reserved 1048576K
}
Event: 1888.166 GC heap after
{Heap after GC invocations=79 (full 0):
 garbage-first heap   total 1599488K, used 639674K [0x0000000700000000, 0x0000000800000000)
  region size 2048K, 7 young (14336K), 7 survivors (14336K)
 Metaspace       used 143424K, committed 146368K, reserved 1179648K
  class space    used 19143K, committed 20544K, reserved 1048576K
}
Event: 1889.799 GC heap before
{Heap before GC invocations=79 (full 0):
 garbage-first heap   total 1599488K, used 907962K [0x0000000700000000, 0x0000000800000000)
  region size 2048K, 135 young (276480K), 7 survivors (14336K)
 Metaspace       used 144403K, committed 147392K, reserved 1179648K
  class space    used 19277K, committed 20672K, reserved 1048576K
}
Event: 1889.973 GC heap after
{Heap after GC invocations=80 (full 0):
 garbage-first heap   total 1599488K, used 653809K [0x0000000700000000, 0x0000000800000000)
  region size 2048K, 14 young (28672K), 14 survivors (28672K)
 Metaspace       used 144403K, committed 147392K, reserved 1179648K
  class space    used 19277K, committed 20672K, reserved 1048576K
}
Event: 1890.733 GC heap before
{Heap before GC invocations=80 (full 0):
 garbage-first heap   total 1599488K, used 780785K [0x0000000700000000, 0x0000000800000000)
  region size 2048K, 75 young (153600K), 14 survivors (28672K)
 Metaspace       used 144476K, committed 147456K, reserved 1179648K
  class space    used 19283K, committed 20672K, reserved 1048576K
}

Deoptimization events (20 events):
Event: 1890.488 Thread 0x000001308e75b550 Uncommon trap: trap_request=0xffffffc6 fr.pc=0x000001302bb729cc relative=0x0000000000000aac
Event: 1890.488 Thread 0x000001308e75b550 Uncommon trap: reason=bimorphic_or_optimized_type_check action=maybe_recompile pc=0x000001302bb729cc method=org.gradle.api.internal.artifacts.transform.DefaultTransformedVariantFactory$VariantKey.equals(Ljava/lang/Object;)Z @ 37 c2
Event: 1890.488 Thread 0x000001308e75b550 DEOPT PACKING pc=0x000001302bb729cc sp=0x000000152a4fc090
Event: 1890.489 Thread 0x000001308e75b550 DEOPT UNPACKING pc=0x000001302a415ba3 sp=0x000000152a4fc060 mode 2
Event: 1890.489 Thread 0x000001308e75b550 Uncommon trap: trap_request=0xffffffc6 fr.pc=0x000001302bb729cc relative=0x0000000000000aac
Event: 1890.489 Thread 0x000001308e75b550 Uncommon trap: reason=bimorphic_or_optimized_type_check action=maybe_recompile pc=0x000001302bb729cc method=org.gradle.api.internal.artifacts.transform.DefaultTransformedVariantFactory$VariantKey.equals(Ljava/lang/Object;)Z @ 37 c2
Event: 1890.489 Thread 0x000001308e75b550 DEOPT PACKING pc=0x000001302bb729cc sp=0x000000152a4fc090
Event: 1890.489 Thread 0x000001308e75b550 DEOPT UNPACKING pc=0x000001302a415ba3 sp=0x000000152a4fc060 mode 2
Event: 1890.489 Thread 0x000001308e75b550 Uncommon trap: trap_request=0xffffffc6 fr.pc=0x000001302bb729cc relative=0x0000000000000aac
Event: 1890.489 Thread 0x000001308e75b550 Uncommon trap: reason=bimorphic_or_optimized_type_check action=maybe_recompile pc=0x000001302bb729cc method=org.gradle.api.internal.artifacts.transform.DefaultTransformedVariantFactory$VariantKey.equals(Ljava/lang/Object;)Z @ 37 c2
Event: 1890.489 Thread 0x000001308e75b550 DEOPT PACKING pc=0x000001302bb729cc sp=0x000000152a4fc090
Event: 1890.489 Thread 0x000001308e75b550 DEOPT UNPACKING pc=0x000001302a415ba3 sp=0x000000152a4fc060 mode 2
Event: 1890.489 Thread 0x000001308e75b550 Uncommon trap: trap_request=0xffffffc6 fr.pc=0x000001302bb729cc relative=0x0000000000000aac
Event: 1890.489 Thread 0x000001308e75b550 Uncommon trap: reason=bimorphic_or_optimized_type_check action=maybe_recompile pc=0x000001302bb729cc method=org.gradle.api.internal.artifacts.transform.DefaultTransformedVariantFactory$VariantKey.equals(Ljava/lang/Object;)Z @ 37 c2
Event: 1890.489 Thread 0x000001308e75b550 DEOPT PACKING pc=0x000001302bb729cc sp=0x000000152a4fc090
Event: 1890.489 Thread 0x000001308e75b550 DEOPT UNPACKING pc=0x000001302a415ba3 sp=0x000000152a4fc060 mode 2
Event: 1890.552 Thread 0x000001308e75c480 DEOPT PACKING pc=0x0000013025bb26ce sp=0x000000152a5fe8f0
Event: 1890.553 Thread 0x000001308e75c480 DEOPT UNPACKING pc=0x000001302a4166e3 sp=0x000000152a5fde40 mode 0
Event: 1890.635 Thread 0x0000013084534480 DEOPT PACKING pc=0x0000013025bb26ce sp=0x000000152a0fe9b0
Event: 1890.635 Thread 0x0000013084534480 DEOPT UNPACKING pc=0x000001302a4166e3 sp=0x000000152a0fdf00 mode 0

Classes unloaded (2 events):
Event: 238.186 Thread 0x000001303e4256c0 Unloading class 0x0000013041298c00 'java/lang/invoke/LambdaForm$DMH+0x0000013041298c00'
Event: 238.186 Thread 0x000001303e4256c0 Unloading class 0x0000013041298800 'java/lang/invoke/LambdaForm$DMH+0x0000013041298800'

Classes redefined (0 events):
No events

Internal exceptions (20 events):
Event: 1890.557 Thread 0x0000013084534ea0 Exception <a 'sun/nio/fs/WindowsException'{0x000000075ab2dd08}> (0x000000075ab2dd08) 
thrown [s\open\src\hotspot\share\prims\jni.cpp, line 516]
Event: 1890.563 Thread 0x0000013084534480 Exception <a 'sun/nio/fs/WindowsException'{0x000000075ab74700}> (0x000000075ab74700) 
thrown [s\open\src\hotspot\share\prims\jni.cpp, line 516]
Event: 1890.572 Thread 0x000001308e75e7f0 Exception <a 'sun/nio/fs/WindowsException'{0x000000075ab9b290}> (0x000000075ab9b290) 
thrown [s\open\src\hotspot\share\prims\jni.cpp, line 516]
Event: 1890.579 Thread 0x000001308e75e7f0 Exception <a 'sun/nio/fs/WindowsException'{0x000000075abd8108}> (0x000000075abd8108) 
thrown [s\open\src\hotspot\share\prims\jni.cpp, line 516]
Event: 1890.587 Thread 0x000001308e75e7f0 Exception <a 'sun/nio/fs/WindowsException'{0x000000075a83b848}> (0x000000075a83b848) 
thrown [s\open\src\hotspot\share\prims\jni.cpp, line 516]
Event: 1890.592 Thread 0x000001308e75e7f0 Exception <a 'sun/nio/fs/WindowsException'{0x000000075a8772d8}> (0x000000075a8772d8) 
thrown [s\open\src\hotspot\share\prims\jni.cpp, line 516]
Event: 1890.599 Thread 0x000001308e75b550 Exception <a 'sun/nio/fs/WindowsException'{0x000000075a8d9dd0}> (0x000000075a8d9dd0) 
thrown [s\open\src\hotspot\share\prims\jni.cpp, line 516]
Event: 1890.618 Thread 0x000001308e75b550 Exception <a 'sun/nio/fs/WindowsException'{0x000000075a9344b0}> (0x000000075a9344b0) 
thrown [s\open\src\hotspot\share\prims\jni.cpp, line 516]
Event: 1890.624 Thread 0x000001308e75b550 Exception <a 'sun/nio/fs/WindowsException'{0x000000075a971ec0}> (0x000000075a971ec0) 
thrown [s\open\src\hotspot\share\prims\jni.cpp, line 516]
Event: 1890.630 Thread 0x000001308e75b550 Exception <a 'sun/nio/fs/WindowsException'{0x000000075a9b7f10}> (0x000000075a9b7f10) 
thrown [s\open\src\hotspot\share\prims\jni.cpp, line 516]
Event: 1890.635 Thread 0x000001308e75b550 Exception <a 'sun/nio/fs/WindowsException'{0x000000075a9f4b18}> (0x000000075a9f4b18) 
thrown [s\open\src\hotspot\share\prims\jni.cpp, line 516]
Event: 1890.641 Thread 0x000001308e75b550 Exception <a 'sun/nio/fs/WindowsException'{0x000000075a658bc0}> (0x000000075a658bc0) 
thrown [s\open\src\hotspot\share\prims\jni.cpp, line 516]
Event: 1890.647 Thread 0x00000130845353b0 Exception <a 'sun/nio/fs/WindowsException'{0x000000075a6af690}> (0x000000075a6af690) 
thrown [s\open\src\hotspot\share\prims\jni.cpp, line 516]
Event: 1890.652 Thread 0x00000130845353b0 Exception <a 'sun/nio/fs/WindowsException'{0x000000075a6eb640}> (0x000000075a6eb640) 
thrown [s\open\src\hotspot\share\prims\jni.cpp, line 516]
Event: 1890.658 Thread 0x00000130845353b0 Exception <a 'sun/nio/fs/WindowsException'{0x000000075a732ce0}> (0x000000075a732ce0) 
thrown [s\open\src\hotspot\share\prims\jni.cpp, line 516]
Event: 1890.664 Thread 0x00000130845353b0 Exception <a 'sun/nio/fs/WindowsException'{0x000000075a788e08}> (0x000000075a788e08) 
thrown [s\open\src\hotspot\share\prims\jni.cpp, line 516]
Event: 1890.671 Thread 0x0000013084534480 Exception <a 'sun/nio/fs/WindowsException'{0x000000075a7ce128}> (0x000000075a7ce128) 
thrown [s\open\src\hotspot\share\prims\jni.cpp, line 516]
Event: 1890.678 Thread 0x0000013084534480 Exception <a 'sun/nio/fs/WindowsException'{0x000000075a40abf8}> (0x000000075a40abf8) 
thrown [s\open\src\hotspot\share\prims\jni.cpp, line 516]
Event: 1890.685 Thread 0x0000013084534480 Exception <a 'sun/nio/fs/WindowsException'{0x000000075a4478d8}> (0x000000075a4478d8) 
thrown [s\open\src\hotspot\share\prims\jni.cpp, line 516]
Event: 1890.691 Thread 0x000001308452df40 Exception <a 'sun/nio/fs/WindowsException'{0x000000075a48d1d8}> (0x000000075a48d1d8) 
thrown [s\open\src\hotspot\share\prims\jni.cpp, line 516]

VM Operations (20 events):
Event: 1886.427 Executing VM operation: G1CollectForAllocation done
Event: 1887.438 Executing VM operation: Cleanup
Event: 1887.440 Executing VM operation: Cleanup done
Event: 1888.088 Executing VM operation: ICBufferFull
Event: 1888.088 Executing VM operation: ICBufferFull done
Event: 1888.092 Executing VM operation: HandshakeAllThreads
Event: 1888.092 Executing VM operation: HandshakeAllThreads done
Event: 1888.095 Executing VM operation: HandshakeAllThreads
Event: 1888.095 Executing VM operation: HandshakeAllThreads done
Event: 1888.145 Executing VM operation: G1CollectForAllocation
Event: 1888.167 Executing VM operation: G1CollectForAllocation done
Event: 1888.321 Executing VM operation: HandshakeAllThreads
Event: 1888.322 Executing VM operation: HandshakeAllThreads done
Event: 1888.322 Executing VM operation: HandshakeAllThreads
Event: 1888.322 Executing VM operation: HandshakeAllThreads done
Event: 1888.736 Executing VM operation: ICBufferFull
Event: 1888.736 Executing VM operation: ICBufferFull done
Event: 1889.799 Executing VM operation: G1CollectForAllocation
Event: 1889.973 Executing VM operation: G1CollectForAllocation done
Event: 1890.733 Executing VM operation: G1CollectForAllocation

Events (20 events):
Event: 1888.361 Thread 0x000001303e449640 flushing nmethod 0x00000130250c3f10
Event: 1888.361 Thread 0x000001303e449640 flushing nmethod 0x00000130250c4590
Event: 1888.363 Thread 0x000001303e449640 flushing nmethod 0x00000130252d1390
Event: 1888.363 Thread 0x000001303e449640 flushing nmethod 0x0000013025323410
Event: 1888.365 Thread 0x000001303e449640 flushing nmethod 0x0000013025535e90
Event: 1888.365 Thread 0x000001303e449640 flushing nmethod 0x0000013025540610
Event: 1888.366 Thread 0x000001303e449640 flushing nmethod 0x00000130255d3790
Event: 1888.366 Thread 0x000001303e449640 flushing nmethod 0x00000130255e7a10
Event: 1888.366 Thread 0x000001303e449640 flushing nmethod 0x0000013025640a10
Event: 1888.366 Thread 0x000001303e449640 flushing nmethod 0x0000013025672290
Event: 1888.367 Thread 0x000001303e449640 flushing nmethod 0x0000013025675290
Event: 1888.367 Thread 0x000001303e449640 flushing nmethod 0x0000013025677b90
Event: 1888.367 Thread 0x000001303e449640 flushing nmethod 0x0000013025685990
Event: 1888.367 Thread 0x000001303e449640 flushing nmethod 0x000001302569b010
Event: 1888.368 Thread 0x000001303e449640 flushing nmethod 0x000001302578e810
Event: 1888.369 Thread 0x000001303e449640 flushing nmethod 0x0000013025950f90
Event: 1888.371 Thread 0x000001303e449640 flushing nmethod 0x0000013025b5b110
Event: 1888.371 Thread 0x000001303e449640 flushing nmethod 0x0000013025bb7f90
Event: 1888.371 Thread 0x000001303e449640 flushing nmethod 0x0000013025bba210
Event: 1888.371 Thread 0x000001303e449640 flushing nmethod 0x0000013025bba610


Dynamic libraries:
0x00007ff6a11b0000 - 0x00007ff6a11c0000 	C:\Program Files\Java\jdk-17\bin\java.exe
0x00007ffa613d0000 - 0x00007ffa615e7000 	C:\WINDOWS\SYSTEM32\ntdll.dll
0x00007ffa60520000 - 0x00007ffa605e4000 	C:\WINDOWS\System32\KERNEL32.DLL
0x00007ffa5ec70000 - 0x00007ffa5f016000 	C:\WINDOWS\System32\KERNELBASE.dll
0x00007ffa5e710000 - 0x00007ffa5e821000 	C:\WINDOWS\System32\ucrtbase.dll
0x00007ffa32f40000 - 0x00007ffa32f59000 	C:\Program Files\Java\jdk-17\bin\jli.dll
0x00007ffa61220000 - 0x00007ffa612d3000 	C:\WINDOWS\System32\ADVAPI32.dll
0x00007ffa5f7b0000 - 0x00007ffa5f857000 	C:\WINDOWS\System32\msvcrt.dll
0x00007ffa5f8f0000 - 0x00007ffa5f998000 	C:\WINDOWS\System32\sechost.dll
0x00007ffa5f020000 - 0x00007ffa5f048000 	C:\WINDOWS\System32\bcrypt.dll
0x00007ffa5f480000 - 0x00007ffa5f597000 	C:\WINDOWS\System32\RPCRT4.dll
0x00007ffa5fa00000 - 0x00007ffa5fbae000 	C:\WINDOWS\System32\USER32.dll
0x00007ffa5f0f0000 - 0x00007ffa5f116000 	C:\WINDOWS\System32\win32u.dll
0x00007ffa5f9c0000 - 0x00007ffa5f9e9000 	C:\WINDOWS\System32\GDI32.dll
0x00007ffa5e970000 - 0x00007ffa5ea88000 	C:\WINDOWS\System32\gdi32full.dll
0x00007ffa5f050000 - 0x00007ffa5f0ea000 	C:\WINDOWS\System32\msvcp_win.dll
0x00007ffa33660000 - 0x00007ffa3367b000 	C:\Program Files\Java\jdk-17\bin\VCRUNTIME140.dll
0x00007ffa3bc40000 - 0x00007ffa3bed3000 	C:\WINDOWS\WinSxS\amd64_microsoft.windows.common-controls_6595b64144ccf1df_6.0.22621.2506_none_270c5ae97388e100\COMCTL32.dll
0x00007ffa4da40000 - 0x00007ffa4da4a000 	C:\WINDOWS\SYSTEM32\VERSION.dll
0x00007ffa611e0000 - 0x00007ffa61211000 	C:\WINDOWS\System32\IMM32.DLL
0x00007ffa37c70000 - 0x00007ffa37c7c000 	C:\Program Files\Java\jdk-17\bin\vcruntime140_1.dll
0x00007ffa0be10000 - 0x00007ffa0be9e000 	C:\Program Files\Java\jdk-17\bin\msvcp140.dll
0x00007ff992320000 - 0x00007ff992eff000 	C:\Program Files\Java\jdk-17\bin\server\jvm.dll
0x00007ffa605f0000 - 0x00007ffa605f8000 	C:\WINDOWS\System32\PSAPI.DLL
0x00007ffa53d90000 - 0x00007ffa53dc4000 	C:\WINDOWS\SYSTEM32\WINMM.dll
0x00007ffa2ff90000 - 0x00007ffa2ff99000 	C:\WINDOWS\SYSTEM32\WSOCK32.dll
0x00007ffa604a0000 - 0x00007ffa60511000 	C:\WINDOWS\System32\WS2_32.dll
0x00007ffa5d810000 - 0x00007ffa5d828000 	C:\WINDOWS\SYSTEM32\kernel.appcore.dll
0x00007ffa37a40000 - 0x00007ffa37a4a000 	C:\Program Files\Java\jdk-17\bin\jimage.dll
0x00007ffa5bee0000 - 0x00007ffa5c113000 	C:\WINDOWS\SYSTEM32\DBGHELP.DLL
0x00007ffa60600000 - 0x00007ffa60989000 	C:\WINDOWS\System32\combase.dll
0x00007ffa5f2a0000 - 0x00007ffa5f377000 	C:\WINDOWS\System32\OLEAUT32.dll
0x00007ffa4ca80000 - 0x00007ffa4cab2000 	C:\WINDOWS\SYSTEM32\dbgcore.DLL
0x00007ffa5e830000 - 0x00007ffa5e8aa000 	C:\WINDOWS\System32\bcryptPrimitives.dll
0x00007ffa5ae20000 - 0x00007ffa5ae2e000 	C:\Program Files\Java\jdk-17\bin\instrument.dll
0x00007ffa30d20000 - 0x00007ffa30d45000 	C:\Program Files\Java\jdk-17\bin\java.dll
0x00007ff9fad60000 - 0x00007ff9fae37000 	C:\Program Files\Java\jdk-17\bin\jsvml.dll
0x00007ffa5fc40000 - 0x00007ffa6049b000 	C:\WINDOWS\System32\SHELL32.dll
0x00007ffa5c620000 - 0x00007ffa5cf16000 	C:\WINDOWS\SYSTEM32\windows.storage.dll
0x00007ffa5c4e0000 - 0x00007ffa5c61e000 	C:\WINDOWS\SYSTEM32\wintypes.dll
0x00007ffa610e0000 - 0x00007ffa611d3000 	C:\WINDOWS\System32\SHCORE.dll
0x00007ffa60e20000 - 0x00007ffa60e7e000 	C:\WINDOWS\System32\shlwapi.dll
0x00007ffa5e640000 - 0x00007ffa5e666000 	C:\WINDOWS\SYSTEM32\profapi.dll
0x00007ffa2d600000 - 0x00007ffa2d618000 	C:\Program Files\Java\jdk-17\bin\zip.dll
0x00007ffa313c0000 - 0x00007ffa313d9000 	C:\Program Files\Java\jdk-17\bin\net.dll
0x00007ffa57100000 - 0x00007ffa57237000 	C:\WINDOWS\SYSTEM32\WINHTTP.dll
0x00007ffa5dc80000 - 0x00007ffa5dce9000 	C:\WINDOWS\system32\mswsock.dll
0x00007ffa2d620000 - 0x00007ffa2d636000 	C:\Program Files\Java\jdk-17\bin\nio.dll
0x00007ffa5ae40000 - 0x00007ffa5ae50000 	C:\Program Files\Java\jdk-17\bin\verify.dll
0x00007ffa55090000 - 0x00007ffa550b7000 	C:\Users\homee\.gradle\native\68d5fa5c4cc2d200863cafc0d521ce42e7d3e7ee720ec0a83991735586a16f82\windows-amd64\native-platform.dll
0x00007ffa2b8b0000 - 0x00007ffa2b9f4000 	C:\Users\homee\.gradle\native\e376f236ea51e6404a007f0833ffe2c6e607c4080706a723a18a27aeea778392\windows-amd64\native-platform-file-events.dll
0x00007ffa32530000 - 0x00007ffa3253a000 	C:\Program Files\Java\jdk-17\bin\management.dll
0x00007ffa30d10000 - 0x00007ffa30d1b000 	C:\Program Files\Java\jdk-17\bin\management_ext.dll
0x00007ffa5ded0000 - 0x00007ffa5deeb000 	C:\WINDOWS\SYSTEM32\CRYPTSP.dll
0x00007ffa5d770000 - 0x00007ffa5d7a5000 	C:\WINDOWS\system32\rsaenh.dll
0x00007ffa5dd50000 - 0x00007ffa5dd7c000 	C:\WINDOWS\SYSTEM32\USERENV.dll
0x00007ffa5dec0000 - 0x00007ffa5decc000 	C:\WINDOWS\SYSTEM32\CRYPTBASE.dll
0x00007ffa5d1f0000 - 0x00007ffa5d21d000 	C:\WINDOWS\SYSTEM32\IPHLPAPI.DLL
0x00007ffa5f9f0000 - 0x00007ffa5f9f9000 	C:\WINDOWS\System32\NSI.dll
0x00007ffa56730000 - 0x00007ffa56749000 	C:\WINDOWS\SYSTEM32\dhcpcsvc6.DLL
0x00007ffa56560000 - 0x00007ffa5657f000 	C:\WINDOWS\SYSTEM32\dhcpcsvc.DLL
0x00007ffa5d260000 - 0x00007ffa5d359000 	C:\WINDOWS\SYSTEM32\DNSAPI.dll
0x00007ffa3b060000 - 0x00007ffa3b06e000 	C:\Program Files\Java\jdk-17\bin\sunmscapi.dll
0x00007ffa5eb00000 - 0x00007ffa5ec66000 	C:\WINDOWS\System32\CRYPT32.dll
0x00007ffa5e0b0000 - 0x00007ffa5e0de000 	C:\WINDOWS\SYSTEM32\ncrypt.dll
0x00007ffa5e070000 - 0x00007ffa5e0a7000 	C:\WINDOWS\SYSTEM32\NTASN1.dll
0x00007ffa57a70000 - 0x00007ffa57a78000 	C:\WINDOWS\system32\wshunix.dll
0x00007ffa5d830000 - 0x00007ffa5d864000 	C:\WINDOWS\SYSTEM32\ntmarta.dll
0x00007ffa551f0000 - 0x00007ffa55207000 	C:\WINDOWS\system32\napinsp.dll
0x00007ffa551d0000 - 0x00007ffa551eb000 	C:\WINDOWS\system32\pnrpnsp.dll
0x00007ffa551b0000 - 0x00007ffa551c1000 	C:\WINDOWS\System32\winrnr.dll
0x00007ffa51ea0000 - 0x00007ffa51eb5000 	C:\WINDOWS\system32\wshbth.dll
0x00007ffa53e20000 - 0x00007ffa53e41000 	C:\WINDOWS\system32\nlansp_c.dll
0x00007ffa567f0000 - 0x00007ffa567fa000 	C:\Windows\System32\rasadhlp.dll
0x00007ffa4da50000 - 0x00007ffa4dad3000 	C:\WINDOWS\System32\fwpuclnt.dll

dbghelp: loaded successfully - version: 4.0.5 - missing functions: none
symbol engine: initialized successfully - sym options: 0x614 - pdb path: .;C:\Program Files\Java\jdk-17\bin;C:\WINDOWS\SYSTEM32;C:\WINDOWS\WinSxS\amd64_microsoft.windows.common-controls_6595b64144ccf1df_6.0.22621.2506_none_270c5ae97388e100;C:\Program Files\Java\jdk-17\bin\server;C:\Users\homee\.gradle\native\68d5fa5c4cc2d200863cafc0d521ce42e7d3e7ee720ec0a83991735586a16f82\windows-amd64;C:\Users\homee\.gradle\native\e376f236ea51e6404a007f0833ffe2c6e607c4080706a723a18a27aeea778392\windows-amd64

VM Arguments:
jvm_args: --add-opens=java.base/java.util=ALL-UNNAMED --add-opens=java.base/java.lang=ALL-UNNAMED --add-opens=java.base/java.lang.invoke=ALL-UNNAMED --add-opens=java.prefs/java.util.prefs=ALL-UNNAMED --add-opens=java.base/java.nio.charset=ALL-UNNAMED --add-opens=java.base/java.net=ALL-UNNAMED --add-opens=java.base/java.util.concurrent.atomic=ALL-UNNAMED -Xmx4g -Dfile.encoding=windows-1252 -Duser.country=IN -Duser.language=en -Duser.variant -javaagent:C:\Users\homee\.gradle\wrapper\dists\gradle-8.3-all\6en3ugtfdg5xnpx44z4qbwgas\gradle-8.3\lib\agents\gradle-instrumentation-agent-8.3.jar 
java_command: org.gradle.launcher.daemon.bootstrap.GradleDaemon 8.3
java_class_path (initial): C:\Users\homee\.gradle\wrapper\dists\gradle-8.3-all\6en3ugtfdg5xnpx44z4qbwgas\gradle-8.3\lib\gradle-launcher-8.3.jar
Launcher Type: SUN_STANDARD

[Global flags]
     intx CICompilerCount                          = 4                                         {product} {ergonomic}
     uint ConcGCThreads                            = 2                                         {product} {ergonomic}
     uint G1ConcRefinementThreads                  = 8                                         {product} {ergonomic}
   size_t G1HeapRegionSize                         = 2097152                                   {product} {ergonomic}
    uintx GCDrainStackTargetSize                   = 64                                        {product} {ergonomic}
   size_t InitialHeapSize                          = 266338304                                 {product} {ergonomic}
   size_t MarkStackSize                            = 4194304                                   {product} {ergonomic}
   size_t MaxHeapSize                              = 4294967296                                {product} {command line}
   size_t MaxNewSize                               = 2575302656                                {product} {ergonomic}
   size_t MinHeapDeltaBytes                        = 2097152                                   {product} {ergonomic}
   size_t MinHeapSize                              = 8388608                                   {product} {ergonomic}
    uintx NonNMethodCodeHeapSize                   = 5839372                                {pd product} {ergonomic}
    uintx NonProfiledCodeHeapSize                  = 122909434                              {pd product} {ergonomic}
    uintx ProfiledCodeHeapSize                     = 122909434                              {pd product} {ergonomic}
    uintx ReservedCodeCacheSize                    = 251658240                              {pd product} {ergonomic}
     bool SegmentedCodeCache                       = true                                      {product} {ergonomic}
   size_t SoftMaxHeapSize                          = 4294967296                             {manageable} {ergonomic}
     bool UseCompressedClassPointers               = true                           {product lp64_product} {ergonomic}
     bool UseCompressedOops                        = true                           {product lp64_product} {ergonomic}
     bool UseG1GC                                  = true                                      {product} {ergonomic}
     bool UseLargePagesIndividualAllocation        = false                                  {pd product} {ergonomic}

Logging:
Log output configuration:
 #0: stdout all=warning uptime,level,tags
 #1: stderr all=off uptime,level,tags

Environment Variables:
JAVA_HOME=C:\Program Files\Java\jdk-17
PATH=C:\Program Files\Python312\Scripts\;C:\Program Files\Python312\;C:\Program Files\Common Files\Oracle\Java\javapath;C:\Program Files (x86)\Common Files\Oracle\Java\javapath;C:\windows\system32;C:\windows;C:\windows\System32\Wbem;C:\windows\System32\WindowsPowerShell\v1.0\;C:\windows\System32\OpenSSH\;C:\Program Files (x86)\NVIDIA Corporation\PhysX\Common;C:\Program Files\NVIDIA Corporation\NVIDIA NvDLISR;C:\ProgramData\chocolatey\bin;C:\Users\homee\AppData\Roaming\nvm;C:\Program Files\nodejs;C:\Python27\;C:\Program Files\Git\cmd;C:\xampp\php;C:\ProgramData\ComposerSetup\bin;C:\Program Files\Microsoft SQL Server\150\Tools\Binn\;C:\Program Files\Microsoft SQL Server\130\Tools\Binn\;C:\Users\homee\AppData\Roaming\Python\Python311\Scripts;C:\Program Files (x86)\MAVProxy;C:\Program Files (x86)\ZeroTier\One\;C:\Program Files (x86)\STMicroelectronics\STM32 ST-LINK Utility\ST-LINK Utility;C:\Program Files\nodejs\;C:\WINDOWS\system32;C:\WINDOWS;C:\WINDOWS\System32\Wbem;C:\WINDOWS\System32\WindowsPowerShell\v1.0\;C:\WINDOWS\System32\OpenSSH\;C:\Program Files\CMake\bin;C:\Users\homee\AppData\Roaming\Python\Python312\Scripts;C:\Users\homee\AppData\Local\Microsoft\WindowsApps;C:\Users\homee\AppData\Local\Programs\Microsoft VS Code\bin;C:\Users\homee\AppData\Roaming\nvm;C:\Program Files\nodejs;D:\flutter\bin;C:\Users\homee\AppData\Roaming\Composer\vendor\bin;C:\Users\homee\AppData\Local\Android\sdk\platform-tools;C:\platform-tools;C:\Program Files\dotnet;C:\Users\homee\AppData\Roaming\Python\Python311\Scripts;C:\Program Files\Tesseract-OCR;C:\Program Files\Tesseract-OCR\tesseract.exe;C:\ST\STM32CubeIDE_1.13.2\STM32CubeIDE;C:\Program Files\STMicroelectronics\STM32Cube\STM32CubeProgrammer\bin;C:\Users\homee\AppData\Roaming\npm;C:\Users\homee\AppData\Roaming\Python\Python312\Scripts;C:\Users\homee\AppData\Local\GitHubDesktop\bin
USERNAME=homee
OS=Windows_NT
PROCESSOR_IDENTIFIER=Intel64 Family 6 Model 140 Stepping 2, GenuineIntel



---------------  S Y S T E M  ---------------

OS:
 Windows 11 , 64 bit Build 22621 (10.0.22621.3085)
OS uptime: 10 days 3:19 hours
Hyper-V role detected

CPU: total 8 (initial active 8) (4 cores per cpu, 2 threads per core) family 6 model 140 stepping 2 microcode 0x2c, cx8, cmov, fxsr, ht, mmx, 3dnowpref, sse, sse2, sse3, ssse3, sse4.1, sse4.2, popcnt, lzcnt, tsc, tscinvbit, avx, avx2, aes, erms, clmul, bmi1, bmi2, adx, avx512f, avx512dq, avx512cd, avx512bw, avx512vl, sha, fma, vzeroupper, avx512_vpopcntdq, avx512_vpclmulqdq, avx512_vaes, avx512_vnni, clflush, clflushopt, clwb, avx512_vbmi2, avx512_vbmi, hv

Memory: 4k page, system-wide physical 16133M (75M free)
TotalPageFile size 48907M (AvailPageFile size 149M)
current process WorkingSet (physical memory assigned to process): 999M, peak: 1110M
current process commit charge ("private bytes"): 2099M, peak: 2610M

vm_info: Java HotSpot(TM) 64-Bit Server VM (17.0.10+11-LTS-240) for windows-amd64 JRE (17.0.10+11-LTS-240), built on Dec 19 2023 21:47:25 by "mach5one" with MS VC++ 17.1 (VS2022)

END.
